A5000001,allergen,5-HT>3< receptor antagonist,pt
A5000002,allergen,A series prostaglandin,pt
A5000003,allergen,Abacavir,pt
A5000004,allergen,Acacia,pt
A5000005,allergen,Acarbose,pt
A5000006,allergen,Acebutolol,pt
A5000007,allergen,Acemetacin,pt
A5000008,allergen,Acenocoumarol,pt
A5000009,allergen,Acetaminophen,pt
A5000010,allergen,Acetazolamide,pt
A5000011,allergen,Acetic acid,pt
A5000012,allergen,Acetohexamide,pt
A5000013,allergen,Acetylcholine chloride,pt
A5000014,allergen,Acetylcysteine,pt
A5000015,allergen,Acipimox,pt
A5000016,allergen,Acitretin,pt
A5000017,allergen,Aclarubicin,pt
A5000018,allergen,Acorn Squash,pt
A5000019,allergen,Acridine azo,pt
A5000020,allergen,Acridine fluor yellow dye,pt
A5000021,allergen,Acrivastine,pt
A5000022,allergen,Activated charcoal,pt
A5000023,allergen,Acyclovir,pt
A5000024,allergen,Adenosine,pt
A5000025,allergen,Adhesive agent,pt
A5000026,allergen,Aerosolized antibiotics,pt
A5000027,allergen,Aerosolized antivirals,pt
A5000028,allergen,Agkistrodon serine proteinase,pt
A5000029,allergen,Albendazole,pt
A5000030,allergen,Albumin,pt
A5000031,allergen,Albuterol,pt
A5000032,allergen,Alclometasone,pt
A5000033,allergen,Alcohol agent,pt
A5000034,allergen,Alcohol disinfectant,pt
A5000035,allergen,Alcohol metabolism modifier,pt
A5000036,allergen,Alcuronium,pt
A5000037,allergen,Aldehyde disinfectant,pt
A5000038,allergen,Alder pollen,pt
A5000039,allergen,Aldesleukin,pt
A5000040,allergen,Aldosterone antagonist,pt
A5000041,allergen,Alfentanil,pt
A5000042,allergen,Alfuzosin,pt
A5000043,allergen,Alginate,pt
A5000044,allergen,Alkali-metal soap,pt
A5000045,allergen,Alkylating agent,pt
A5000046,allergen,Allergen extract vaccine,pt
A5000047,allergen,Allopurinol,pt
A5000048,allergen,Allylestrenol,pt
A5000049,allergen,Almond,pt
A5000050,allergen,Almond oil,pt
A5000051,allergen,Alpha-adrenergic blocking agent,pt
A5000052,allergen,Alpha-adrenoceptor agonist,pt
A5000053,allergen,Alpha-glucoside inhibitor,pt
A5000054,allergen,Alpha-lactalbumin,pt
A5000055,allergen,Alpha-tocopherol,pt
A5000056,allergen,Alprazolam,pt
A5000057,allergen,Alteplase,pt
A5000058,allergen,Alternaria alternata,pt
A5000059,allergen,Aluminum,pt
A5000060,allergen,Aluminum astringent,pt
A5000061,allergen,Aluminum hydroxide,pt
A5000062,allergen,Alverine,pt
A5000063,allergen,Amantadine,pt
A5000064,allergen,Amdinocillin,pt
A5000065,allergen,Amdinocillin pivoxil,pt
A5000066,allergen,Amidine disinfectant,pt
A5000067,allergen,Amifostine,pt
A5000068,allergen,Amikacin,pt
A5000069,allergen,Amiloride,pt
A5000070,allergen,Aminoglutethimide,pt
A5000071,allergen,Aminoglycoside,pt
A5000072,allergen,Aminophylline,pt
A5000073,allergen,Aminoquinoline antimalarial,pt
A5000074,allergen,Amiodarone,pt
A5000075,allergen,Amitriptyline,pt
A5000076,allergen,Amlodipine,pt
A5000077,allergen,Amobarbital,pt
A5000078,allergen,Amodiaquin,pt
A5000079,allergen,Amorolfine,pt
A5000080,allergen,Amoxapine,pt
A5000081,allergen,Amoxicillin,pt
A5000082,allergen,Amphotericin,pt
A5000083,allergen,Ampicillin,pt
A5000084,allergen,Amsacrine,pt
A5000085,allergen,Anabolic steroid,pt
A5000086,allergen,Analgesic,pt
A5000087,allergen,Anchovy,pt
A5000088,allergen,Androgen,pt
A5000089,allergen,Anesthetic,pt
A5000090,allergen,Angiotensin II receptor antagonist,pt
A5000091,allergen,Angiotensin-converting enzyme inhibitor agent,pt
A5000092,allergen,Animal dander,pt
A5000093,allergen,Animal food product,pt
A5000094,allergen,Animal hair,pt
A5000095,allergen,Animal protein,pt
A5000096,allergen,Anion exchange resin,pt
A5000097,allergen,Anionic surfactant,pt
A5000098,allergen,Anise,pt
A5000099,allergen,Anistreplase,pt
A5000100,allergen,Antacid,pt
A5000101,allergen,Antazoline,pt
A5000102,allergen,Anthelmintic,pt
A5000103,allergen,Anthralin,pt
A5000104,allergen,Anthraquinone laxative,pt
A5000105,allergen,Anthrax vaccine,pt
A5000106,allergen,Antiandrogen,pt
A5000107,allergen,Antiarrhythmic agent,pt
A5000108,allergen,Antibacterial agent,pt
A5000109,allergen,Antibiotic antituberculosis agent,pt
A5000110,allergen,Anticholinergic agent,pt
A5000111,allergen,Anticholinesterase agent,pt
A5000112,allergen,Anticoagulant,pt
A5000113,allergen,Anticonvulsant,pt
A5000114,allergen,Antidepressant,pt
A5000115,allergen,Antidiuretic hormone agent,pt
A5000116,allergen,Antidote,pt
A5000117,allergen,Antidotes for pesticides,pt
A5000118,allergen,Antifungal,pt
A5000119,allergen,Antihistamine,pt
A5000120,allergen,Anti-infective agent,pt
A5000121,allergen,Antileprotic drug,pt
A5000122,allergen,Antilipemic agent,pt
A5000123,allergen,Antimalarial agent,pt
A5000124,allergen,Antimetabolite,pt
A5000125,allergen,Antimony antiprotozoal,pt
A5000126,allergen,Antimuscarinic,pt
A5000127,allergen,Antimycobacterial agent,pt
A5000128,allergen,Antineoplastic agent,pt
A5000129,allergen,Antiprotozoal agent,pt
A5000130,allergen,Antipseudomonal penicillins,pt
A5000131,allergen,Anti-psychotic agent,pt
A5000132,allergen,Antiretroviral agent,pt
A5000133,allergen,Antiserum,pt
A5000134,allergen,Antispasmodic,pt
A5000135,allergen,Antithrombin III,pt
A5000136,allergen,Antithyroid agent,pt
A5000137,allergen,Antituberculosis agent,pt
A5000138,allergen,Antitussive agent,pt
A5000139,allergen,Antivaricose agent,pt
A5000140,allergen,Antiviral agent,pt
A5000141,allergen,Apomorphine,pt
A5000142,allergen,Apple,pt
A5000143,allergen,Apple juice,pt
A5000144,allergen,Apraclonidine,pt
A5000145,allergen,Apricot,pt
A5000146,allergen,Aprotinin,pt
A5000147,allergen,Arachis oil,pt
A5000148,allergen,Artichoke,pt
A5000149,allergen,Artificial Sweetener,pt
A5000150,allergen,Ascaris,pt
A5000151,allergen,Ascorbic acid,pt
A5000152,allergen,Asparagus,pt
A5000153,allergen,Aspartame,pt
A5000154,allergen,Aspergillus amstelodami,pt
A5000155,allergen,Aspergillus flavus,pt
A5000156,allergen,Aspergillus fumigatus,pt
A5000157,allergen,Aspergillus terreus,pt
A5000158,allergen,Aspergillus versicolor,pt
A5000159,allergen,Aspirin,pt
A5000160,allergen,Astemizole,pt
A5000161,allergen,Atenolol,pt
A5000162,allergen,Atorvastatin,pt
A5000163,allergen,Atovaquone,pt
A5000164,allergen,Atracurium,pt
A5000165,allergen,Atropine,pt
A5000166,allergen,Auranofin,pt
A5000167,allergen,Aureobasidium pullulans,pt
A5000168,allergen,Australian parrot droppings,pt
A5000169,allergen,Australian parrot feathers,pt
A5000170,allergen,Australian parrot serum proteins,pt
A5000171,allergen,Australian pine pollen,pt
A5000172,allergen,Autonomic agent,pt
A5000173,allergen,Auxochromes,pt
A5000174,allergen,Avocado,pt
A5000175,allergen,Azapropazone,pt
A5000176,allergen,Azatadine,pt
A5000177,allergen,Azathioprine,pt
A5000178,allergen,Azelaic acid,pt
A5000179,allergen,Azelastine,pt
A5000180,allergen,Azithromycin,pt
A5000181,allergen,Azlocillin,pt
A5000182,allergen,Azole antifungal,pt
A5000183,allergen,Aztreonam,pt
A5000184,allergen,Bacampicillin,pt
A5000185,allergen,Baclofen,pt
A5000186,allergen,Bahia grass pollen,pt
A5000187,allergen,Bamboo Shoot,pt
A5000188,allergen,Bambuterol,pt
A5000189,allergen,Bamethan sulfate,pt
A5000190,allergen,Banana,pt
A5000191,allergen,Barbiturate antiepileptic,pt
A5000192,allergen,Barbiturate sedative,pt
A5000193,allergen,Barley,pt
A5000194,allergen,Barley grass pollen,pt
A5000195,allergen,Base Material,pt
A5000196,allergen,Basil,pt
A5000197,allergen,Bass,pt
A5000198,allergen,Bay Leaf,pt
A5000199,allergen,Bean,pt
A5000200,allergen,Beclamide,pt
A5000201,allergen,Beclomethasone,pt
A5000202,allergen,Bee venom,pt
A5000203,allergen,Beech pollen,pt
A5000204,allergen,Beef,pt
A5000205,allergen,Beef Meat,pt
A5000206,allergen,Beer,pt
A5000207,allergen,Beet,pt
A5000208,allergen,Bell Pepper,pt
A5000209,allergen,Belladonna alkaloid,pt
A5000210,allergen,Benazepril,pt
A5000211,allergen,Bendroflumethiazide,pt
A5000212,allergen,Benethamine penicillin,pt
A5000213,allergen,Benoxinate,pt
A5000214,allergen,Benperidol,pt
A5000215,allergen,Benserazide,pt
A5000216,allergen,Bentonite,pt
A5000217,allergen,Benzalkonium,pt
A5000218,allergen,Benzimidazole anthelmintic,pt
A5000219,allergen,Benzoates,pt
A5000220,allergen,Benzocaine,pt
A5000221,allergen,Benzodiazepine antagonist,pt
A5000222,allergen,Benzodiazepine sedative,pt
A5000223,allergen,Benzoic acid,pt
A5000224,allergen,Benzoyl peroxide,pt
A5000225,allergen,Benztropine,pt
A5000226,allergen,Benzyl benzoate,pt
A5000227,allergen,Bephenium,pt
A5000228,allergen,Beractant,pt
A5000229,allergen,Bermuda grass pollen,pt
A5000230,allergen,Berry,pt
A5000231,allergen,Beta-adrenoceptor agonist,pt
A5000232,allergen,beta-blocking agent,pt
A5000233,allergen,Betahistine,pt
A5000234,allergen,Beta-lactalbumin,pt
A5000235,allergen,Beta-lactoglobulin,pt
A5000236,allergen,Betamethasone,pt
A5000237,allergen,Betaxolol hydrochloride,pt
A5000238,allergen,Bethanechol,pt
A5000239,allergen,Bethanidine,pt
A5000240,allergen,Bezafibrate,pt
A5000241,allergen,Bicalutamide,pt
A5000242,allergen,Biguanide antimalarial agent,pt
A5000243,allergen,Biguanide disinfectant,pt
A5000244,allergen,Biguanide oral hypoglycemic agent,pt
A5000245,allergen,Biocide,pt
A5000246,allergen,Biperiden,pt
A5000247,allergen,Biphasic insulin,pt
A5000248,allergen,Biphasic isophane insulin,pt
A5000249,allergen,Bipyridine inotropic,pt
A5000250,allergen,Birch pollen,pt
A5000251,allergen,Bird,pt
A5000252,allergen,Bisacodyl,pt
A5000253,allergen,Bismuth subnitrate,pt
A5000254,allergen,Bisoprolol,pt
A5000255,allergen,Biting insect,pt
A5000256,allergen,Black ant,pt
A5000257,allergen,Black locust tree pollen,pt
A5000258,allergen,Black pepper,pt
A5000259,allergen,Black silk suture,pt
A5000260,allergen,Black walnut,pt
A5000261,allergen,Blackberry,pt
A5000262,allergen,Blackjack oak pollen,pt
A5000263,allergen,Bleomycin,pt
A5000264,allergen,Blood derivative,pt
A5000265,allergen,Blood group antibody D,pt
A5000266,allergen,Bloodworm,pt
A5000267,allergen,Blue Cheese,pt
A5000268,allergen,Blue Mussel,pt
A5000269,allergen,Blueberry,pt
A5000270,allergen,Boiled Cows Milk,pt
A5000271,allergen,Borate salt,pt
A5000272,allergen,Boric acid,pt
A5000273,allergen,Botrytis cinerea,pt
A5000274,allergen,Botulinum antitoxin,pt
A5000275,allergen,Brazil Nut,pt
A5000276,allergen,Bretylium,pt
A5000277,allergen,Brewers Yeast,pt
A5000278,allergen,Brick Cheese,pt
A5000279,allergen,Brie Cheese,pt
A5000280,allergen,Brilliant green,pt
A5000281,allergen,Broad spectrum penicillins,pt
A5000282,allergen,Broccoli,pt
A5000283,allergen,Bromazepam,pt
A5000284,allergen,Bromegrass pollen,pt
A5000285,allergen,Bromelains,pt
A5000286,allergen,Bromhexine hydrochloride,pt
A5000287,allergen,Bromocriptine,pt
A5000288,allergen,Brompheniramine,pt
A5000289,allergen,Bronchodilator,pt
A5000290,allergen,Brussels sprout,pt
A5000291,allergen,Buckwheat,pt
A5000292,allergen,Budesonide,pt
A5000293,allergen,Budgerigar feathers,pt
A5000294,allergen,Bufexamac,pt
A5000295,allergen,Buffalo Meat,pt
A5000296,allergen,Bulk-forming laxative,pt
A5000297,allergen,Bumble bee sting,pt
A5000298,allergen,Bumblebee,pt
A5000299,allergen,Bumetanide,pt
A5000300,allergen,Bupivacaine,pt
A5000301,allergen,Buprenorphine,pt
A5000302,allergen,Buserelin,pt
A5000303,allergen,Buspirone,pt
A5000304,allergen,Busulfan,pt
A5000305,allergen,Butobarbital,pt
A5000306,allergen,Butriptyline,pt
A5000307,allergen,Butterfly,pt
A5000308,allergen,Butyrophenone derivative antipsychotic agent,pt
A5000309,allergen,Cabbage,pt
A5000310,allergen,Cabergoline,pt
A5000311,allergen,Caffeine,pt
A5000312,allergen,Calamine,pt
A5000313,allergen,Calcipotriol,pt
A5000314,allergen,Calcitonin,pt
A5000315,allergen,Calcium channel blocker,pt
A5000316,allergen,Calcium polystyrene sulfonate,pt
A5000317,allergen,Calcium regulating agent,pt
A5000318,allergen,Calcium regulating hormone,pt
A5000319,allergen,Calcium sulfaloxate,pt
A5000320,allergen,Camembert Cheese,pt
A5000321,allergen,Camomile,pt
A5000322,allergen,Canary grass reed pollen,pt
A5000323,allergen,Candida albicans,pt
A5000324,allergen,Cantaloupe,pt
A5000325,allergen,Capreomycin,pt
A5000326,allergen,Captopril,pt
A5000327,allergen,Carambola,pt
A5000328,allergen,Caraway Seed,pt
A5000329,allergen,Carbachol,pt
A5000330,allergen,Carbamate pesticide,pt
A5000331,allergen,Carbamate pesticides,pt
A5000332,allergen,Carbamate sedative,pt
A5000333,allergen,Carbamazepine,pt
A5000334,allergen,Carbapenem,pt
A5000335,allergen,Carbaryl,pt
A5000336,allergen,Carbenicillin,pt
A5000337,allergen,Carbenoxolone,pt
A5000338,allergen,Carbidopa,pt
A5000339,allergen,Carbimazole,pt
A5000340,allergen,Carbocisteine,pt
A5000341,allergen,Carbomer-940,pt
A5000342,allergen,Carbonic anhydrase inhibitor,pt
A5000343,allergen,Carboplatin,pt
A5000344,allergen,Carboprost,pt
A5000345,allergen,Carboxymethylcellulose,pt
A5000346,allergen,Cardamom,pt
A5000347,allergen,Cardioplegic solution agent,pt
A5000348,allergen,Cardiovascular agent,pt
A5000349,allergen,Careless weed pollen,pt
A5000350,allergen,Carfecillin,pt
A5000351,allergen,Carisoprodol,pt
A5000352,allergen,Carmustine,pt
A5000353,allergen,Carob Bean,pt
A5000354,allergen,Carrot,pt
A5000355,allergen,Carteolol,pt
A5000356,allergen,Carvedilol,pt
A5000357,allergen,Cascara,pt
A5000358,allergen,Casein,pt
A5000359,allergen,Cashew nut,pt
A5000360,allergen,Cashew Nut,pt
A5000361,allergen,Castor Bean,pt
A5000362,allergen,Castor oil,pt
A5000363,allergen,Cat dander,pt
A5000364,allergen,Cat epithelium,pt
A5000365,allergen,Cat hair,pt
A5000366,allergen,Cation exchange resin,pt
A5000367,allergen,Cationic surfactant,pt
A5000368,allergen,Cats,pt
A5000369,allergen,Cattle dander,pt
A5000370,allergen,Cattle epithelium,pt
A5000371,allergen,Cattle hair,pt
A5000372,allergen,Cauliflower,pt
A5000373,allergen,Cefaclor,pt
A5000374,allergen,Cefadroxil,pt
A5000375,allergen,Cefamandole,pt
A5000376,allergen,Cefixime,pt
A5000377,allergen,Cefodizime,pt
A5000378,allergen,Cefotaxime,pt
A5000379,allergen,Cefoxitin,pt
A5000380,allergen,Cefpirome,pt
A5000381,allergen,Cefpodoxime,pt
A5000382,allergen,Cefsulodin,pt
A5000383,allergen,Ceftazidime,pt
A5000384,allergen,Ceftibuten,pt
A5000385,allergen,Ceftizoxime,pt
A5000386,allergen,Ceftriaxone,pt
A5000387,allergen,Cefuroxime,pt
A5000388,allergen,Celery,pt
A5000389,allergen,Celiprolol,pt
A5000390,allergen,Cellulose sodium phosphate,pt
A5000391,allergen,Cellulose-derived viscosity modifier,pt
A5000392,allergen,Central alpha-adrenoceptor agonist,pt
A5000393,allergen,Central nervous system agent,pt
A5000394,allergen,Central stimulant,pt
A5000395,allergen,Centrally acting appetite suppressant,pt
A5000396,allergen,Cephalexin,pt
A5000397,allergen,Cephalosporin -class of antibiotic-,pt
A5000398,allergen,Cephalothin,pt
A5000399,allergen,Cephamycin,pt
A5000400,allergen,Cephazolin,pt
A5000401,allergen,Cephradine,pt
A5000402,allergen,Cetirizine,pt
A5000403,allergen,Cetrimide,pt
A5000404,allergen,Cetyl pyridinium,pt
A5000405,allergen,Cheddar Cheese,pt
A5000406,allergen,Cheese,pt
A5000407,allergen,Cheese mold,pt
A5000408,allergen,Chelating agent,pt
A5000409,allergen,Chenodiol,pt
A5000410,allergen,Cherry,pt
A5000411,allergen,Chestnut tree pollen,pt
A5000412,allergen,Chick pea,pt
A5000413,allergen,Chicken droppings,pt
A5000414,allergen,Chicken feathers,pt
A5000415,allergen,Chicken meat,pt
A5000416,allergen,Chili pepper,pt
A5000417,allergen,Chives,pt
A5000418,allergen,Chloral hydrate,pt
A5000419,allergen,Chloral sedative,pt
A5000420,allergen,Chlorambucil,pt
A5000421,allergen,Chloramphenicol,pt
A5000422,allergen,Chlordiazepoxide,pt
A5000423,allergen,Chlorguanide,pt
A5000424,allergen,Chlorhexidine,pt
A5000425,allergen,Chlorinated phenol disinfectant,pt
A5000426,allergen,Chlorinated solution agent,pt
A5000427,allergen,Chlormezanone,pt
A5000428,allergen,Chloroprocaine,pt
A5000429,allergen,Chloroquine,pt
A5000430,allergen,Chlorothiazide,pt
A5000431,allergen,Chloroxylenol,pt
A5000432,allergen,Chlorpheniramine,pt
A5000433,allergen,Chlorpromazine,pt
A5000434,allergen,Chlorpropamide,pt
A5000435,allergen,Chlorprothixene,pt
A5000436,allergen,Chlortalidone,pt
A5000437,allergen,Chlortetracycline,pt
A5000438,allergen,Chocolate,pt
A5000439,allergen,Cholecalciferol,pt
A5000440,allergen,Cholelitholytic AND/OR choleretic agent,pt
A5000441,allergen,Cholestyramine,pt
A5000442,allergen,Cholinesterase reactivator,pt
A5000443,allergen,Chub Mackerel,pt
A5000444,allergen,Chymotrypsin,pt
A5000445,allergen,Ciclosporin,pt
A5000446,allergen,Cilazapril,pt
A5000447,allergen,Cimetidine,pt
A5000448,allergen,Cinchona alkaloid,pt
A5000449,allergen,Cinnamon,pt
A5000450,allergen,Cinnarizine,pt
A5000451,allergen,Cinoxacin,pt
A5000452,allergen,Ciprofibrate,pt
A5000453,allergen,Ciprofloxacin,pt
A5000454,allergen,Cisapride,pt
A5000455,allergen,Cisatracurium,pt
A5000456,allergen,Cisplatin,pt
A5000457,allergen,Citalopram,pt
A5000458,allergen,Citrate,pt
A5000459,allergen,Citrus,pt
A5000460,allergen,Citrus fruit,pt
A5000461,allergen,Cladosporium herbarum,pt
A5000462,allergen,Clam,pt
A5000463,allergen,Clarithromycin,pt
A5000464,allergen,Class I antiarrhythmic agent,pt
A5000465,allergen,Class II antiarrhythmic agent,pt
A5000466,allergen,Class III antiarrhythmic agent,pt
A5000467,allergen,Class IV antiarrhythmic agent,pt
A5000468,allergen,Clavulanate potassium,pt
A5000469,allergen,Clavulanic acid,pt
A5000470,allergen,Clemastine,pt
A5000471,allergen,Clindamycin,pt
A5000472,allergen,Clioquinol,pt
A5000473,allergen,Clobazam,pt
A5000474,allergen,Clobetasol,pt
A5000475,allergen,Clobetasone,pt
A5000476,allergen,Clodronate disodium,pt
A5000477,allergen,Clofazimine,pt
A5000478,allergen,Clofibrate,pt
A5000479,allergen,Clomethiazole,pt
A5000480,allergen,Clomiphene,pt
A5000481,allergen,Clomipramine,pt
A5000482,allergen,Clomocycline,pt
A5000483,allergen,Clonazepam,pt
A5000484,allergen,Clonidine,pt
A5000485,allergen,Clorazepate dipotassium,pt
A5000486,allergen,Clostridium botulinum toxin,pt
A5000487,allergen,Clotrimazole,pt
A5000488,allergen,Clove,pt
A5000489,allergen,Cloxacillin,pt
A5000490,allergen,Clozapine,pt
A5000491,allergen,Coagulation factor IX,pt
A5000492,allergen,Coagulation factor V,pt
A5000493,allergen,Coagulation factor VII,pt
A5000494,allergen,Coagulation factor VIIa,pt
A5000495,allergen,Coagulation factor VIII,pt
A5000496,allergen,Coagulation factor XI,pt
A5000497,allergen,Coagulation factor XIII,pt
A5000498,allergen,Coagulation related substance,pt
A5000499,allergen,Coal tar agent,pt
A5000500,allergen,Coal tar bath agent,pt
A5000501,allergen,Cocaine,pt
A5000502,allergen,Cockleburr pollen,pt
A5000503,allergen,Cockroach,pt
A5000504,allergen,Cocoa,pt
A5000505,allergen,Coconut,pt
A5000506,allergen,Coconut oil,pt
A5000507,allergen,Codeine,pt
A5000508,allergen,Codfish,pt
A5000509,allergen,Coffee,pt
A5000510,allergen,Cola,pt
A5000511,allergen,Colby Cheese,pt
A5000512,allergen,Colchicine,pt
A5000513,allergen,Colchicum alkaloid,pt
A5000514,allergen,Colestipol,pt
A5000515,allergen,Colfosceril,pt
A5000516,allergen,Colistin,pt
A5000517,allergen,Collagen,pt
A5000518,allergen,Collodion,pt
A5000519,allergen,Colony stimulating factor,pt
A5000520,allergen,Colza,pt
A5000521,allergen,Common ragweed pollen,pt
A5000522,allergen,Conjugated estrogen,pt
A5000523,allergen,Contact metal agent,pt
A5000524,allergen,Contrast media,pt
A5000525,allergen,Corn,pt
A5000526,allergen,Corticosteroids and derivatives,pt
A5000527,allergen,Corticotropic agent,pt
A5000528,allergen,Cortisone,pt
A5000529,allergen,Cosmetic material,pt
A5000530,allergen,Cottonseed,pt
A5000531,allergen,Cottonwood pollen,pt
A5000532,allergen,Coumarin anticoagulant,pt
A5000533,allergen,Cow dander,pt
A5000534,allergen,Cows,pt
A5000535,allergen,Cows Milk,pt
A5000536,allergen,Crab,pt
A5000537,allergen,Cranberry,pt
A5000538,allergen,Cromolyn sodium,pt
A5000539,allergen,Crotamiton,pt
A5000540,allergen,Cucumber,pt
A5000541,allergen,Cultivated corn pollen,pt
A5000542,allergen,Cultivated cotton pollen,pt
A5000543,allergen,Curry,pt
A5000544,allergen,Curvularia lunata,pt
A5000545,allergen,Cyanocobalamin,pt
A5000546,allergen,Cyclacillin,pt
A5000547,allergen,Cyclandelate,pt
A5000548,allergen,Cyclizine,pt
A5000549,allergen,Cyclobarbital,pt
A5000550,allergen,Cyclofenil,pt
A5000551,allergen,Cyclopenthiazide,pt
A5000552,allergen,Cyclopentolate,pt
A5000553,allergen,Cyclophosphamide,pt
A5000554,allergen,Cycloserine,pt
A5000555,allergen,Cyproheptadine,pt
A5000556,allergen,Cyproterone,pt
A5000557,allergen,Cyproterone acetate,pt
A5000558,allergen,Cytarabine,pt
A5000559,allergen,Cytotoxic antibiotic,pt
A5000560,allergen,Dacarbazine,pt
A5000561,allergen,Dactinomycin,pt
A5000562,allergen,Dairy foods,pt
A5000563,allergen,Dairy Product,pt
A5000564,allergen,Dalteparin,pt
A5000565,allergen,Danaparoid sodium,pt
A5000566,allergen,Danazol,pt
A5000567,allergen,Dandelion pollen,pt
A5000568,allergen,Danthron,pt
A5000569,allergen,Dantrolene,pt
A5000570,allergen,Dapsone,pt
A5000571,allergen,Darunavir,pt
A5000572,allergen,Date,pt
A5000573,allergen,Debrisoquine,pt
A5000574,allergen,Decongestant,pt
A5000575,allergen,Deferoxamine,pt
A5000576,allergen,Dehydrocholic acid,pt
A5000577,allergen,Demecarium,pt
A5000578,allergen,Demeclocycline,pt
A5000579,allergen,Dental restorative material,pt
A5000580,allergen,Deoxyribonuclease,pt
A5000581,allergen,Depolarizing agent,pt
A5000582,allergen,Dequalinium,pt
A5000583,allergen,Dermatophagoides farinae,pt
A5000584,allergen,Dermatophagoides pteronyssimus,pt
A5000585,allergen,Dermatophyte,pt
A5000586,allergen,Desflurane,pt
A5000587,allergen,Desipramine,pt
A5000588,allergen,Desmopressin,pt
A5000589,allergen,Desonide,pt
A5000590,allergen,Desoximetasone,pt
A5000591,allergen,Detergent,pt
A5000592,allergen,Dexamethasone,pt
A5000593,allergen,Dexfenfluramine,pt
A5000594,allergen,Dextran,pt
A5000595,allergen,Dextroamphetamine,pt
A5000596,allergen,Dextromethorphan hydrobromide,pt
A5000597,allergen,Dextromoramide,pt
A5000598,allergen,Dextropropoxyphene,pt
A5000599,allergen,Dextrothyroxine sodium,pt
A5000600,allergen,Diagnostic dye,pt
A5000601,allergen,Diagnostic substance,pt
A5000602,allergen,Dialysis fluid,pt
A5000603,allergen,Diamidine antiprotozoal,pt
A5000604,allergen,Diazepam,pt
A5000605,allergen,Diazoxide,pt
A5000606,allergen,Dibromomannitol,pt
A5000607,allergen,Dibrompropamidine isethionate,pt
A5000608,allergen,Dibucaine,pt
A5000609,allergen,Dichloralphenazone,pt
A5000610,allergen,Dichloroacetamide antiprotozoal,pt
A5000611,allergen,Dichlorphenamide,pt
A5000612,allergen,Diclofenac,pt
A5000613,allergen,Dicobalt edetate,pt
A5000614,allergen,Dicyclomine,pt
A5000615,allergen,Didanosine,pt
A5000616,allergen,Dienestrol,pt
A5000617,allergen,Dietary substance,pt
A5000618,allergen,Diethyl ether,pt
A5000619,allergen,Diethylcarbamazine,pt
A5000620,allergen,Diethylpropion,pt
A5000621,allergen,Diethylstilbestrol,pt
A5000622,allergen,Diethylstilbestrol diphosphate,pt
A5000623,allergen,Diflucortolone,pt
A5000624,allergen,Digitalis glycoside,pt
A5000625,allergen,Digitoxin,pt
A5000626,allergen,Digoxin,pt
A5000627,allergen,Digoxin immune fab,pt
A5000628,allergen,Dihydrocodeine,pt
A5000629,allergen,Dihydroergocornine,pt
A5000630,allergen,Dihydroergocristine,pt
A5000631,allergen,Dihydroergocryptine,pt
A5000632,allergen,Dihydroergotamine mesylate,pt
A5000633,allergen,Dill,pt
A5000634,allergen,Diloxanide,pt
A5000635,allergen,Diltiazem,pt
A5000636,allergen,Dimenhydrinate,pt
A5000637,allergen,Dimercaprol,pt
A5000638,allergen,Dimethindene,pt
A5000639,allergen,Dimethyl-ether propane,pt
A5000640,allergen,Dimethylsulfoxide,pt
A5000641,allergen,Dimeticone,pt
A5000642,allergen,Dinoprost,pt
A5000643,allergen,Dinoprostone,pt
A5000644,allergen,Diphenhydramine,pt
A5000645,allergen,Diphenylbutylpiperidine derivative antipsychotic agent,pt
A5000646,allergen,Diphenylpyraline,pt
A5000647,allergen,Diphosphonate,pt
A5000648,allergen,Diphtheria antitoxin,pt
A5000649,allergen,Diphtheria single antigen vaccine,pt
A5000650,allergen,Diphtheria vaccine,pt
A5000651,allergen,Dipipanone,pt
A5000652,allergen,Dipivefrin,pt
A5000653,allergen,Dipyridamole,pt
A5000654,allergen,Dipyrone,pt
A5000655,allergen,Direct acting anticoagulant,pt
A5000656,allergen,Disinfectant dye,pt
A5000657,allergen,Disinfectants,pt
A5000658,allergen,Disodium pamidronate,pt
A5000659,allergen,Disopyramide,pt
A5000660,allergen,Distigmine,pt
A5000661,allergen,Disulfiram,pt
A5000662,allergen,Diuretic,pt
A5000663,allergen,Dobutamine,pt
A5000664,allergen,Docusate sodium,pt
A5000665,allergen,Dog dander,pt
A5000666,allergen,Dog epithelium,pt
A5000667,allergen,Dog hair,pt
A5000668,allergen,Dogs,pt
A5000669,allergen,Domiphen,pt
A5000670,allergen,Domperidone,pt
A5000671,allergen,DOPA decarboxylase inhibitor,pt
A5000672,allergen,Dopamine,pt
A5000673,allergen,Dopamine agonist agent,pt
A5000674,allergen,Dopexamine,pt
A5000675,allergen,Dornase alfa,pt
A5000676,allergen,Dosulepin,pt
A5000677,allergen,Doxacurium,pt
A5000678,allergen,Doxapram,pt
A5000679,allergen,Doxazosin,pt
A5000680,allergen,Doxepin,pt
A5000681,allergen,Doxorubicin,pt
A5000682,allergen,Doxycycline,pt
A5000683,allergen,Droperidol,pt
A5000684,allergen,Drostanolone propionate,pt
A5000685,allergen,Drug,pt
A5000686,allergen,Drug vehicle,pt
A5000687,allergen,Duck droppings,pt
A5000688,allergen,Duck feathers,pt
A5000689,allergen,Duck Meat,pt
A5000690,allergen,Dust,pt
A5000691,allergen,Dust mite,pt
A5000692,allergen,Dydrogesterone,pt
A5000693,allergen,Dye,pt
A5000694,allergen,E series prostaglandin,pt
A5000695,allergen,Echinococcus,pt
A5000696,allergen,Echothiophate,pt
A5000697,allergen,Econazole,pt
A5000698,allergen,Edam Cheese,pt
A5000699,allergen,Edetate,pt
A5000700,allergen,Edetate calcium disodium,pt
A5000701,allergen,Edetate disodium,pt
A5000702,allergen,Edetate trisodium,pt
A5000703,allergen,Edrophonium,pt
A5000704,allergen,Eel,pt
A5000705,allergen,Egg,pt
A5000706,allergen,Egg protein,pt
A5000707,allergen,Egg white,pt
A5000708,allergen,Egg yolk,pt
A5000709,allergen,Eggplant,pt
A5000710,allergen,Elder tree pollen,pt
A5000711,allergen,Electrolyte anion,pt
A5000712,allergen,Elm tree pollen,pt
A5000713,allergen,Emepronium bromide,pt
A5000714,allergen,Emollient,pt
A5000715,allergen,Enalapril,pt
A5000716,allergen,Enbucrilate,pt
A5000717,allergen,Enflurane,pt
A5000718,allergen,English plantain pollen,pt
A5000719,allergen,English Walnut,pt
A5000720,allergen,Enoxacin,pt
A5000721,allergen,Enoxaparin,pt
A5000722,allergen,Enoximone,pt
A5000723,allergen,Environmental smoke,pt
A5000724,allergen,Environmental substance,pt
A5000725,allergen,Enzyme agent,pt
A5000726,allergen,Ephedrine,pt
A5000727,allergen,Epicoccus purpurascens,pt
A5000728,allergen,Epirubicin,pt
A5000729,allergen,Epoetin alfa,pt
A5000730,allergen,Epoetin beta,pt
A5000731,allergen,Epoprostenol,pt
A5000732,allergen,Ergoline derivative,pt
A5000733,allergen,Ergonovine,pt
A5000734,allergen,Ergot alkaloid,pt
A5000735,allergen,Ertapenem,pt
A5000736,allergen,Erwinia asparaginase,pt
A5000737,allergen,Erythromycin,pt
A5000738,allergen,Erythropoietin,pt
A5000739,allergen,Esmolol,pt
A5000740,allergen,Estradiol,pt
A5000741,allergen,Estramustine,pt
A5000742,allergen,Estriol,pt
A5000743,allergen,Estrogen,pt
A5000744,allergen,Estrogen antagonist,pt
A5000745,allergen,Estrone sulfate,pt
A5000746,allergen,Etamsylate,pt
A5000747,allergen,Ethacrynic acid,pt
A5000748,allergen,Ethambutol,pt
A5000749,allergen,Ethamivan,pt
A5000750,allergen,Ethanolamine,pt
A5000751,allergen,Ethinyl estradiol,pt
A5000752,allergen,Ethoglucid,pt
A5000753,allergen,Ethosuximide,pt
A5000754,allergen,Ethyl alcohol,pt
A5000755,allergen,Ethylene oxide,pt
A5000756,allergen,Etidronate disodium,pt
A5000757,allergen,Etodolac,pt
A5000758,allergen,Etomidate,pt
A5000759,allergen,Etoposide,pt
A5000760,allergen,Etretinate,pt
A5000761,allergen,Etynodiol diacetate,pt
A5000762,allergen,Eucalyptus pollen,pt
A5000763,allergen,Euroglyphus maynei,pt
A5000764,allergen,Expectorant agent,pt
A5000765,allergen,F series prostaglandin,pt
A5000766,allergen,False ragweed pollen,pt
A5000767,allergen,Famciclovir,pt
A5000768,allergen,Famotidine,pt
A5000769,allergen,Fat-soluble vitamin,pt
A5000770,allergen,FD&C Red Dye,pt
A5000771,allergen,Feathers,pt
A5000772,allergen,Felbinac,pt
A5000773,allergen,Felodipine,pt
A5000774,allergen,Fenbufen,pt
A5000775,allergen,Fenfluramine,pt
A5000776,allergen,Fennel leaves,pt
A5000777,allergen,Fennel seed,pt
A5000778,allergen,Fenofibrate,pt
A5000779,allergen,Fenoprofen,pt
A5000780,allergen,Fenoterol,pt
A5000781,allergen,Fentanyl,pt
A5000782,allergen,Fenticonazole,pt
A5000783,allergen,Fenugreek,pt
A5000784,allergen,Ferret dander,pt
A5000785,allergen,Ferret epithelium,pt
A5000786,allergen,Ferret hair,pt
A5000787,allergen,Ferrets,pt
A5000788,allergen,Ferrous fumarate,pt
A5000789,allergen,Ferrous gluconate,pt
A5000790,allergen,Ferrous glycine sulfate,pt
A5000791,allergen,Ferrous phosphate,pt
A5000792,allergen,Ferrous salt agent,pt
A5000793,allergen,Ferrous succinate,pt
A5000794,allergen,Ferrous sulfate,pt
A5000795,allergen,Feta Cheese,pt
A5000796,allergen,Fibrate antihyperlipidemic,pt
A5000797,allergen,Ficus sp pollen,pt
A5000798,allergen,Field dust,pt
A5000799,allergen,Filgrastim,pt
A5000800,allergen,Finasteride,pt
A5000801,allergen,Fire ants,pt
A5000802,allergen,Firebush pollen,pt
A5000803,allergen,First generation cephalosporin,pt
A5000804,allergen,Fish,pt
A5000805,allergen,Fish derived omega 3 fatty acid,pt
A5000806,allergen,Fixed oil,pt
A5000807,allergen,Flavoring agent,pt
A5000808,allergen,Flavoxate,pt
A5000809,allergen,Fleas,pt
A5000810,allergen,Flecainide,pt
A5000811,allergen,Flies,pt
A5000812,allergen,Flosequinan,pt
A5000813,allergen,Flower,pt
A5000814,allergen,Flower and weed pollen,pt
A5000815,allergen,Floxacillin,pt
A5000816,allergen,Fluclorolone,pt
A5000817,allergen,Fluconazole,pt
A5000818,allergen,Flucytosine,pt
A5000819,allergen,Fludarabine,pt
A5000820,allergen,Fludrocortisone,pt
A5000821,allergen,Flumazenil,pt
A5000822,allergen,Flunisolide,pt
A5000823,allergen,Flunitrazepam,pt
A5000824,allergen,Fluocinolone,pt
A5000825,allergen,Fluocinonide,pt
A5000826,allergen,Fluocortolone,pt
A5000827,allergen,Fluoride,pt
A5000828,allergen,Fluorometholone,pt
A5000829,allergen,Fluorouracil,pt
A5000830,allergen,Fluoxetine,pt
A5000831,allergen,Flupentixol,pt
A5000832,allergen,Flupentixol decanoate,pt
A5000833,allergen,Fluphenazine,pt
A5000834,allergen,Fluphenazine decanoate,pt
A5000835,allergen,Fluphenazine enanthate,pt
A5000836,allergen,Flurandrenolide,pt
A5000837,allergen,Flurazepam,pt
A5000838,allergen,Flurbiprofen,pt
A5000839,allergen,Fluspirilene,pt
A5000840,allergen,Flutamide,pt
A5000841,allergen,Fluticasone,pt
A5000842,allergen,Fluvastatin,pt
A5000843,allergen,Fluvoxamine,pt
A5000844,allergen,Folic acid,pt
A5000845,allergen,Folinic acid,pt
A5000846,allergen,Food,pt
A5000847,allergen,Food dye,pt
A5000848,allergen,Food preservative,pt
A5000849,allergen,Formaldehyde,pt
A5000850,allergen,Formaldehyde catgut,pt
A5000851,allergen,Formestane,pt
A5000852,allergen,Foscarnet,pt
A5000853,allergen,Fosfomycin,pt
A5000854,allergen,Fosinopril,pt
A5000855,allergen,Fourth generation cephalosporin,pt
A5000856,allergen,Fowl,pt
A5000857,allergen,Fragrant odor,pt
A5000858,allergen,Fruit,pt
A5000859,allergen,Fuller's earth,pt
A5000860,allergen,Fungus,pt
A5000861,allergen,Furosemide,pt
A5000862,allergen,Fusarium culmorum,pt
A5000863,allergen,Fusarium moniliforme,pt
A5000864,allergen,Fusidic acid,pt
A5000865,allergen,Gabapentin,pt
A5000866,allergen,Gallamine,pt
A5000867,allergen,gamma Benzene hexachloride,pt
A5000868,allergen,gamma-Linolenic acid,pt
A5000869,allergen,Ganciclovir,pt
A5000870,allergen,Ganglion blocking agent,pt
A5000871,allergen,Garlic,pt
A5000872,allergen,Gastrointestinal agent,pt
A5000873,allergen,Gauzes,pt
A5000874,allergen,Gelatin,pt
A5000875,allergen,Gemeprost,pt
A5000876,allergen,Gemfibrozil,pt
A5000877,allergen,General anesthetic,pt
A5000878,allergen,Gentamicin,pt
A5000879,allergen,Gentian violet,pt
A5000880,allergen,Geranium pollen,pt
A5000881,allergen,Gerbil dander,pt
A5000882,allergen,Gerbil epithelium,pt
A5000883,allergen,Gerbil hair,pt
A5000884,allergen,Gerbils,pt
A5000885,allergen,Gestonorone,pt
A5000886,allergen,Gestrinone,pt
A5000887,allergen,Giant ragweed tall pollen,pt
A5000888,allergen,Ginger,pt
A5000889,allergen,Glibornuride,pt
A5000890,allergen,Gliclazide,pt
A5000891,allergen,Glipizide,pt
A5000892,allergen,Gliquidone,pt
A5000893,allergen,Glucagon,pt
A5000894,allergen,Glutaraldehyde,pt
A5000895,allergen,Gluten,pt
A5000896,allergen,Glyburide,pt
A5000897,allergen,Glycerol,pt
A5000898,allergen,Glycine,pt
A5000899,allergen,Glycopyrrolate,pt
A5000900,allergen,Glycyphagus domesticus,pt
A5000901,allergen,Glymidine,pt
A5000902,allergen,Gnat,pt
A5000903,allergen,Goat dander,pt
A5000904,allergen,Goat epithelium,pt
A5000905,allergen,Goat hair,pt
A5000906,allergen,Goats,pt
A5000907,allergen,Gold sodium thiomalate,pt
A5000908,allergen,Goldenrod pollen,pt
A5000909,allergen,Gonad regulating hormone agent,pt
A5000910,allergen,Gonadal hormone,pt
A5000911,allergen,Gonadorelin,pt
A5000912,allergen,Gonadotropin,pt
A5000913,allergen,Goose droppings,pt
A5000914,allergen,Goose feathers,pt
A5000915,allergen,Goose Meat,pt
A5000916,allergen,Goserelin,pt
A5000917,allergen,Gouda Cheese,pt
A5000918,allergen,Grain,pt
A5000919,allergen,Grape,pt
A5000920,allergen,Grapefruit,pt
A5000921,allergen,Grass pollen,pt
A5000922,allergen,Green Bean,pt
A5000923,allergen,Green Coffee Bean,pt
A5000924,allergen,Green nimitti midge,pt
A5000925,allergen,Green Pepper,pt
A5000926,allergen,Green Zucchini Squash,pt
A5000927,allergen,Griseofulvin,pt
A5000928,allergen,Guanethidine,pt
A5000929,allergen,Guar gum,pt
A5000930,allergen,Guava,pt
A5000931,allergen,Guinea pig dander,pt
A5000932,allergen,Guinea pig epithelium,pt
A5000933,allergen,Guinea pig hair,pt
A5000934,allergen,Guinea pigs,pt
A5000935,allergen,H1 antihistamine,pt
A5000936,allergen,Hackberry tree pollen,pt
A5000937,allergen,Haddock,pt
A5000938,allergen,Haemophilus influenzae type b vaccine,pt
A5000939,allergen,Hake,pt
A5000940,allergen,Halcinonide,pt
A5000941,allergen,Halibut,pt
A5000942,allergen,Halofantrine,pt
A5000943,allergen,Haloperidol,pt
A5000944,allergen,Haloperidol decanoate,pt
A5000945,allergen,Halothane,pt
A5000946,allergen,Hamster dander,pt
A5000947,allergen,Hamster epithelium,pt
A5000948,allergen,Hamster hair,pt
A5000949,allergen,Hamsters,pt
A5000950,allergen,Harvester ants,pt
A5000951,allergen,Hazel nut tree pollen,pt
A5000952,allergen,Hazelnut,pt
A5000953,allergen,Helminthosporium halodes,pt
A5000954,allergen,Hematologic agent,pt
A5000955,allergen,Hemodialysis fluid,pt
A5000956,allergen,Hemofiltration solution,pt
A5000957,allergen,Hemostatic agent,pt
A5000958,allergen,Heparin,pt
A5000959,allergen,Heparinoid,pt
A5000960,allergen,Hepatitis A virus vaccine,pt
A5000961,allergen,Hepatitis b surface antigen immunoglobulin,pt
A5000962,allergen,Hepatitis B virus vaccine,pt
A5000963,allergen,Herbal medicine agent,pt
A5000964,allergen,Heroin,pt
A5000965,allergen,Herring,pt
A5000966,allergen,Hetastarch,pt
A5000967,allergen,Hexachlorophene,pt
A5000968,allergen,Hexetidine,pt
A5000969,allergen,Hickory Nut,pt
A5000970,allergen,Hickory tree pollen,pt
A5000971,allergen,Histamine H>2< antagonist,pt
A5000972,allergen,HMG-CoA reductase inhibitor,pt
A5000973,allergen,Homatropine,pt
A5000974,allergen,Honey,pt
A5000975,allergen,Honey bee,pt
A5000976,allergen,Hops,pt
A5000977,allergen,Hormone, synthetic hormone substitute or hormone antagonist,pt
A5000978,allergen,Hornet venom,pt
A5000979,allergen,Hornets,pt
A5000980,allergen,Horse,pt
A5000981,allergen,Horse dander,pt
A5000982,allergen,Horse epithelium,pt
A5000983,allergen,Horse hair,pt
A5000984,allergen,Horsefly,pt
A5000985,allergen,House dust,pt
A5000986,allergen,House dust mite,pt
A5000987,allergen,Hubbard squash,pt
A5000988,allergen,Human immunoglobulin,pt
A5000989,allergen,Human insulin,pt
A5000990,allergen,Human interferon gamma-1b,pt
A5000991,allergen,Hyaluronate sodium,pt
A5000992,allergen,Hyaluronidase agent,pt
A5000993,allergen,Hydralazine,pt
A5000994,allergen,Hydrargaphen,pt
A5000995,allergen,Hydrazide antituberculosis agent,pt
A5000996,allergen,Hydrochlorothiazide,pt
A5000997,allergen,Hydrocortisone,pt
A5000998,allergen,Hydroflumethiazide,pt
A5000999,allergen,Hydrogen peroxide,pt
A5001000,allergen,Hydroxycarbamide,pt
A5001001,allergen,Hydroxychloroquine,pt
A5001002,allergen,Hydroxyethylcellulose,pt
A5001003,allergen,Hydroxyprogesterone,pt
A5001004,allergen,Hydroxyquinoline antiprotozoal,pt
A5001005,allergen,Hydroxyzine,pt
A5001006,allergen,Hyoscine butylbromide,pt
A5001007,allergen,Hypotensive agent,pt
A5001008,allergen,Hypothalamic or pituitary hormone,pt
A5001009,allergen,Hypromellose,pt
A5001010,allergen,I series prostaglandin,pt
A5001011,allergen,Ibuprofen,pt
A5001012,allergen,Ichthammol,pt
A5001013,allergen,Idarubicin,pt
A5001014,allergen,Idoxuridine,pt
A5001015,allergen,Ifosfamide,pt
A5001016,allergen,Imidapril,pt
A5001017,allergen,Imidazole antifungal,pt
A5001018,allergen,Imipenem,pt
A5001019,allergen,Imipramine,pt
A5001020,allergen,Immune enhancement agent,pt
A5001021,allergen,Immunoglobulin,pt
A5001022,allergen,Immunosuppressant,pt
A5001023,allergen,Indanedione,pt
A5001024,allergen,Indapamide,pt
A5001025,allergen,Indirect acting anticoagulant,pt
A5001026,allergen,Indometacin,pt
A5001027,allergen,Indoramin,pt
A5001028,allergen,Industrial methylated spirit,pt
A5001029,allergen,Influenza split virion vaccine,pt
A5001030,allergen,Influenza surface antigen vaccine,pt
A5001031,allergen,Influenza virus vaccine,pt
A5001032,allergen,Ingested additive,pt
A5001033,allergen,Ingested animal,pt
A5001034,allergen,Ingested plant,pt
A5001035,allergen,Inosine pranobex,pt
A5001036,allergen,Inositol,pt
A5001037,allergen,Inositol niacinate,pt
A5001038,allergen,Inotropic agent,pt
A5001039,allergen,Insect protein,pt
A5001040,allergen,Insulin,pt
A5001041,allergen,Interferon,pt
A5001042,allergen,Interferon alpha-2a,pt
A5001043,allergen,Interferon alpha-2b,pt
A5001044,allergen,Interferon-A-N1,pt
A5001045,allergen,Intravenous nutrition agent,pt
A5001046,allergen,Intravenous nutrition amino acid agent,pt
A5001047,allergen,Intravenous nutrition carbohydrate agent,pt
A5001048,allergen,Intravenous nutrition electrolyte agent,pt
A5001049,allergen,Intravenous nutrition fat agent,pt
A5001050,allergen,Intravenous nutrition trace element agent,pt
A5001051,allergen,Intravenous nutrition vitamin agent,pt
A5001052,allergen,Iodine,pt
A5001053,allergen,Iodine catgut,pt
A5001054,allergen,Iodine compound,pt
A5001055,allergen,Iodized salt,pt
A5001056,allergen,Iodized substance,pt
A5001057,allergen,Iodoform agent,pt
A5001058,allergen,Iodophore,pt
A5001059,allergen,Ion exchange resin,pt
A5001060,allergen,Ipecacuanha,pt
A5001061,allergen,Ipratropium,pt
A5001062,allergen,Iprindole,pt
A5001063,allergen,Iproniazid,pt
A5001064,allergen,Iris germanica extract,pt
A5001065,allergen,Iron agent,pt
A5001066,allergen,Iron sorbitol,pt
A5001067,allergen,Isoaminile,pt
A5001068,allergen,Isocarboxazid,pt
A5001069,allergen,Isoconazole,pt
A5001070,allergen,Isoetharine hydrochloride,pt
A5001071,allergen,Isoflurane,pt
A5001072,allergen,Isoniazid,pt
A5001073,allergen,Isophane insulin,pt
A5001074,allergen,Isoproterenol,pt
A5001075,allergen,Isosorbide dinitrate,pt
A5001076,allergen,Isosorbide mononitrate,pt
A5001077,allergen,Isotretinoin,pt
A5001078,allergen,Isoxsuprine,pt
A5001079,allergen,Isradipine,pt
A5001080,allergen,Italian cypress pollen,pt
A5001081,allergen,Itraconazole,pt
A5001082,allergen,Jack mackerel,pt
A5001083,allergen,Japanese cedar pollen,pt
A5001084,allergen,Johnson grass pollen,pt
A5001085,allergen,June grass pollen,pt
A5001086,allergen,Kanamycin,pt
A5001087,allergen,Kaolin,pt
A5001088,allergen,Ketamine,pt
A5001089,allergen,Ketazolam,pt
A5001090,allergen,Ketoconazole,pt
A5001091,allergen,Ketoprofen,pt
A5001092,allergen,Ketorolac,pt
A5001093,allergen,Ketotifen,pt
A5001094,allergen,Kidney bean,pt
A5001095,allergen,Kingdom Plantae,pt
A5001096,allergen,Kissing bugs,pt
A5001097,allergen,Kiwi,pt
A5001098,allergen,Labetalol,pt
A5001099,allergen,Lachesine chloride,pt
A5001100,allergen,Lacidipine,pt
A5001101,allergen,Lactobacill acidophil vaccine,pt
A5001102,allergen,Lactose,pt
A5001103,allergen,Lactulose,pt
A5001104,allergen,Lamb Meat,pt
A5001105,allergen,Lamotrigine,pt
A5001106,allergen,Lanatoside C,pt
A5001107,allergen,Lansoprazole,pt
A5001108,allergen,Latex,pt
A5001109,allergen,Laxative,pt
A5001110,allergen,L-Carnitine,pt
A5001111,allergen,Legume,pt
A5001112,allergen,Lemon,pt
A5001113,allergen,Lenograstim,pt
A5001114,allergen,Lentil,pt
A5001115,allergen,Lepidoglyphus destructor,pt
A5001116,allergen,Lettuce,pt
A5001117,allergen,Leuprorelin,pt
A5001118,allergen,Levamisole,pt
A5001119,allergen,Levobunolol,pt
A5001120,allergen,Levodopa,pt
A5001121,allergen,Levofloxacin,pt
A5001122,allergen,Levonorgestrel,pt
A5001123,allergen,Levorphanol,pt
A5001124,allergen,Lichen (plant),pt
A5001125,allergen,Lidocaine,pt
A5001126,allergen,Lidoflazine,pt
A5001127,allergen,Light,pt
A5001128,allergen,Lilac pollen,pt
A5001129,allergen,Lima Bean,pt
A5001130,allergen,Lime,pt
A5001131,allergen,Lime tree pollen,pt
A5001132,allergen,Lincomycin,pt
A5001133,allergen,Linden tree pollen,pt
A5001134,allergen,Liothyronine sodium,pt
A5001135,allergen,Liquor,pt
A5001136,allergen,Liquorice,pt
A5001137,allergen,Lisinopril,pt
A5001138,allergen,Lithium,pt
A5001139,allergen,Lithium carbonate,pt
A5001140,allergen,Lithium citrate,pt
A5001141,allergen,Live oak pollen,pt
A5001142,allergen,Lobster,pt
A5001143,allergen,Local anesthetic,pt
A5001144,allergen,Lodoxamide,pt
A5001145,allergen,Lofepramine,pt
A5001146,allergen,Lofexidine,pt
A5001147,allergen,Lomustine,pt
A5001148,allergen,Loop diuretic,pt
A5001149,allergen,Loperamide,pt
A5001150,allergen,Loprazolam,pt
A5001151,allergen,Loratadine,pt
A5001152,allergen,Lorazepam,pt
A5001153,allergen,Lormetazepam,pt
A5001154,allergen,Losartan,pt
A5001155,allergen,Lovage,pt
A5001156,allergen,Loxapine,pt
A5001157,allergen,Lubricant substance,pt
A5001158,allergen,Lung surfactant,pt
A5001159,allergen,Lupine seed,pt
A5001160,allergen,Lymecycline,pt
A5001161,allergen,Lypressin,pt
A5001162,allergen,Lysozyme,pt
A5001163,allergen,Lysuride,pt
A5001164,allergen,Macadamia nut,pt
A5001165,allergen,Mace Spice,pt
A5001166,allergen,Mackerel,pt
A5001167,allergen,Macrolide (class of antibiotic, substance),pt
A5001168,allergen,Mafenide,pt
A5001169,allergen,Magnesium sulfate,pt
A5001170,allergen,Magnesium trisilicate,pt
A5001171,allergen,Magnetic resonance imaging contrast medium agent,pt
A5001172,allergen,Malathion,pt
A5001173,allergen,Malt,pt
A5001174,allergen,Mandarin orange,pt
A5001175,allergen,Mandelic acid,pt
A5001176,allergen,Mango,pt
A5001177,allergen,Mannitol,pt
A5001178,allergen,Maple Syrup,pt
A5001179,allergen,Maple tree pollen,pt
A5001180,allergen,Maprotiline,pt
A5001181,allergen,Marine crustacean,pt
A5001182,allergen,Marine mollusk,pt
A5001183,allergen,Marjoram,pt
A5001184,allergen,Material,pt
A5001185,allergen,Mazindol,pt
A5001186,allergen,Measles, mumps and rubella vaccine,pt
A5001187,allergen,Meat,pt
A5001188,allergen,Mebendazole,pt
A5001189,allergen,Mebeverine,pt
A5001190,allergen,Mebhydrolin,pt
A5001191,allergen,Mechlorethamine,pt
A5001192,allergen,Meclizine hydrochloride,pt
A5001193,allergen,Medazapam,pt
A5001194,allergen,Medication,pt
A5001195,allergen,Medicinal gold,pt
A5001196,allergen,Medigoxin,pt
A5001197,allergen,Medroxyprogesterone,pt
A5001198,allergen,Mefenamic acid,pt
A5001199,allergen,Mefloquine,pt
A5001200,allergen,Mefruside,pt
A5001201,allergen,Megestrol,pt
A5001202,allergen,Meglitinide,pt
A5001203,allergen,Megrim,pt
A5001204,allergen,Melaleuca cajeput pollen,pt
A5001205,allergen,Melon,pt
A5001206,allergen,Melphalan,pt
A5001207,allergen,Meningococcal polysaccharide vaccine,pt
A5001208,allergen,Mepenzolate,pt
A5001209,allergen,Meperidine,pt
A5001210,allergen,Mephobarbital,pt
A5001211,allergen,Meprobamate,pt
A5001212,allergen,Meptazinol,pt
A5001213,allergen,Mequitazine,pt
A5001214,allergen,Mercaptopurine,pt
A5001215,allergen,Mercurial diuretic,pt
A5001216,allergen,Mercuric oxide,pt
A5001217,allergen,Meropenem,pt
A5001218,allergen,Mersalyl,pt
A5001219,allergen,Mesalazine,pt
A5001220,allergen,Mesna,pt
A5001221,allergen,Mesquite pollen,pt
A5001222,allergen,Mesterolone,pt
A5001223,allergen,Mestranol,pt
A5001224,allergen,Metallic cloth,pt
A5001225,allergen,Metaproterenol,pt
A5001226,allergen,Metaraminol,pt
A5001227,allergen,Metformin,pt
A5001228,allergen,Methacholine,pt
A5001229,allergen,Methadone,pt
A5001230,allergen,Methadone analog,pt
A5001231,allergen,Methenamine hippurate,pt
A5001232,allergen,Methicillin,pt
A5001233,allergen,Methixene,pt
A5001234,allergen,Methocarbamol,pt
A5001235,allergen,Methohexital,pt
A5001236,allergen,Methotrexate,pt
A5001237,allergen,Methotrimeprazine,pt
A5001238,allergen,Methoxamine,pt
A5001239,allergen,Methyclothiazide,pt
A5001240,allergen,Methylcysteine,pt
A5001241,allergen,Methyldopa,pt
A5001242,allergen,Methyl-Ethyl ketone solvent,pt
A5001243,allergen,Methylphenidate,pt
A5001244,allergen,Methylprednisolone,pt
A5001245,allergen,Methyltestosterone,pt
A5001246,allergen,Methyprylon,pt
A5001247,allergen,Metipranolol,pt
A5001248,allergen,Metoclopramide,pt
A5001249,allergen,Metolazone,pt
A5001250,allergen,Metoprolol,pt
A5001251,allergen,Metronidazole,pt
A5001252,allergen,Metyrosine,pt
A5001253,allergen,Meunster Cheese,pt
A5001254,allergen,Mexiletine,pt
A5001255,allergen,Mezlocillin,pt
A5001256,allergen,Mianserin,pt
A5001257,allergen,Mice,pt
A5001258,allergen,Miconazole,pt
A5001259,allergen,Midazolam,pt
A5001260,allergen,Midge,pt
A5001261,allergen,Mifepristone,pt
A5001262,allergen,Mildew,pt
A5001263,allergen,Milk,pt
A5001264,allergen,Millet,pt
A5001265,allergen,Milrinone,pt
A5001266,allergen,Mineral oil,pt
A5001267,allergen,Mineral supplement,pt
A5001268,allergen,Minocycline,pt
A5001269,allergen,Minoxidil,pt
A5001270,allergen,Misoprostol,pt
A5001271,allergen,Mite,pt
A5001272,allergen,Mitomycin,pt
A5001273,allergen,Mitoxantrone,pt
A5001274,allergen,Mivacurium,pt
A5001275,allergen,Moclobemide,pt
A5001276,allergen,Moexipril,pt
A5001277,allergen,Mold,pt
A5001278,allergen,Molgramostim,pt
A5001279,allergen,Mometasone,pt
A5001280,allergen,Monoamine oxidase inhibitor,pt
A5001281,allergen,Monobactam,pt
A5001282,allergen,Monosodium Glutamate,pt
A5001283,allergen,Monterey Jack Cheese,pt
A5001284,allergen,Moricizine,pt
A5001285,allergen,Morphinan cough suppressant,pt
A5001286,allergen,Morphinan opioid,pt
A5001287,allergen,Morphine,pt
A5001288,allergen,Mosquito,pt
A5001289,allergen,Moth,pt
A5001290,allergen,Motility stimulant,pt
A5001291,allergen,Mountain cedar pollen,pt
A5001292,allergen,Mouse dander,pt
A5001293,allergen,Mouse epithelium,pt
A5001294,allergen,Mouse hair,pt
A5001295,allergen,Mouse serum proteins,pt
A5001296,allergen,Mouse urine,pt
A5001297,allergen,Moxalactam,pt
A5001298,allergen,Mozzarella Cheese,pt
A5001299,allergen,Mucolytic agent,pt
A5001300,allergen,Mucor racemosus,pt
A5001301,allergen,Mulberry tree pollen,pt
A5001302,allergen,Multivitamin agent,pt
A5001303,allergen,Mumps vaccine,pt
A5001304,allergen,Mupirocin,pt
A5001305,allergen,Mushroom,pt
A5001306,allergen,Mussel,pt
A5001307,allergen,Mustard,pt
A5001308,allergen,Nabilone,pt
A5001309,allergen,Nabumetone,pt
A5001310,allergen,Nadolol,pt
A5001311,allergen,Nafarelin,pt
A5001312,allergen,Nafronyl,pt
A5001313,allergen,Nalbuphine,pt
A5001314,allergen,Nalidixic acid,pt
A5001315,allergen,Naloxone,pt
A5001316,allergen,Naltrexone,pt
A5001317,allergen,Nandrolone,pt
A5001318,allergen,Naphazoline,pt
A5001319,allergen,Naproxen,pt
A5001320,allergen,Natamycin,pt
A5001321,allergen,Natural Sweetener,pt
A5001322,allergen,Navy bean,pt
A5001323,allergen,Nedocromil,pt
A5001324,allergen,Nefazodone,pt
A5001325,allergen,Nefopam,pt
A5001326,allergen,Neomycin,pt
A5001327,allergen,Neomycin B,pt
A5001328,allergen,Neomycin sulfate,pt
A5001329,allergen,Neostigmine,pt
A5001330,allergen,Netilmicin,pt
A5001331,allergen,Nettle pollen,pt
A5001332,allergen,Neuromuscular blocking agent,pt
A5001333,allergen,Neurospora sitophila,pt
A5001334,allergen,Nevirapine,pt
A5001335,allergen,Niacin,pt
A5001336,allergen,Niacinamide,pt
A5001337,allergen,Nicardipine,pt
A5001338,allergen,Nickel,pt
A5001339,allergen,Nickel compound,pt
A5001340,allergen,Niclosamide,pt
A5001341,allergen,Nicofuranose,pt
A5001342,allergen,Nicorandil,pt
A5001343,allergen,Nicotine agent,pt
A5001344,allergen,Nicotinyl alcohol,pt
A5001345,allergen,Nifedipine,pt
A5001346,allergen,Nikethamide,pt
A5001347,allergen,Nimodipine,pt
A5001348,allergen,Nimorazole,pt
A5001349,allergen,Nitrate-based vasodilating agent,pt
A5001350,allergen,Nitrates,pt
A5001351,allergen,Nitrazepam,pt
A5001352,allergen,Nitrites,pt
A5001353,allergen,Nitrofurantoin,pt
A5001354,allergen,Nitrofurazone,pt
A5001355,allergen,Nitrogen mustard derivative,pt
A5001356,allergen,Nitroglycerin,pt
A5001357,allergen,Nitroimidazole,pt
A5001358,allergen,Nitrophenol,pt
A5001359,allergen,Nitrosureas,pt
A5001360,allergen,Nizatidine,pt
A5001361,allergen,Nondepolarizing agent,pt
A5001362,allergen,Non-food animal,pt
A5001363,allergen,Non-food plant,pt
A5001364,allergen,Non-ionic surfactant,pt
A5001365,allergen,Non-medication chemical,pt
A5001366,allergen,Non-opioid analgesic,pt
A5001367,allergen,Nonoxynol,pt
A5001368,allergen,Non-sedating antihistamine,pt
A5001369,allergen,Non-selective beta-blocking agent,pt
A5001370,allergen,Non-steroidal anti-inflammatory agent,pt
A5001371,allergen,Norepinephrine,pt
A5001372,allergen,Norethindrone,pt
A5001373,allergen,Norfloxacin,pt
A5001374,allergen,Nortriptyline,pt
A5001375,allergen,Noscapine,pt
A5001376,allergen,Noxythiolin,pt
A5001377,allergen,Nut,pt
A5001378,allergen,Nutmeg,pt
A5001379,allergen,Nystatin,pt
A5001380,allergen,Oak pollen,pt
A5001381,allergen,Oat pollen cultivated,pt
A5001382,allergen,Oats,pt
A5001383,allergen,Octopus,pt
A5001384,allergen,Octoxinol,pt
A5001385,allergen,Octreotide,pt
A5001386,allergen,Ofloxacin,pt
A5001387,allergen,Oleo oil,pt
A5001388,allergen,Olive oil,pt
A5001389,allergen,Olive tree pollen,pt
A5001390,allergen,Olsalazine,pt
A5001391,allergen,Omeprazole,pt
A5001392,allergen,Onion,pt
A5001393,allergen,Opiate agonist,pt
A5001394,allergen,Opiate antagonist,pt
A5001395,allergen,Opium alkaloid,pt
A5001396,allergen,Orange,pt
A5001397,allergen,Orchard grass pollen,pt
A5001398,allergen,Order Uredinales,pt
A5001399,allergen,Order Ustilaginales,pt
A5001400,allergen,Organochlorine pesticide,pt
A5001401,allergen,Organophosphate insecticide,pt
A5001402,allergen,Organophosphate pesticides,pt
A5001403,allergen,Orphenadrine,pt
A5001404,allergen,Orphenadrine citrate,pt
A5001405,allergen,Orphenadrine hydrochloride,pt
A5001406,allergen,Osage orange tree pollen,pt
A5001407,allergen,Osmotic diuretic,pt
A5001408,allergen,Ouabain,pt
A5001409,allergen,Overcup oak pollen,pt
A5001410,allergen,Oxatomide,pt
A5001411,allergen,Oxazepam,pt
A5001412,allergen,Oxedrine tartrate,pt
A5001413,allergen,Ox-Eye daisy pollen,pt
A5001414,allergen,Oxitropium,pt
A5001415,allergen,Oxprenolol,pt
A5001416,allergen,Oxtriphylline,pt
A5001417,allergen,Oxybutynin,pt
A5001418,allergen,Oxymetazoline,pt
A5001419,allergen,Oxymetholone,pt
A5001420,allergen,Oxypertine,pt
A5001421,allergen,Oxyphenbutazone,pt
A5001422,allergen,Oxytetracycline,pt
A5001423,allergen,Oxytocin,pt
A5001424,allergen,Oyster,pt
A5001425,allergen,Paclitaxel,pt
A5001426,allergen,Pancreatin,pt
A5001427,allergen,Pancuronium,pt
A5001428,allergen,Papaverine,pt
A5001429,allergen,Papaya,pt
A5001430,allergen,Paper mulberry tree pollen,pt
A5001431,allergen,Paper wasp,pt
A5001432,allergen,Paraffin,pt
A5001433,allergen,Paraldehyde,pt
A5001434,allergen,Parasympathomimetic agent,pt
A5001435,allergen,Parietaria judaica pollen,pt
A5001436,allergen,Parietaria officianalis pollen,pt
A5001437,allergen,Parmesan cheese,pt
A5001438,allergen,Paroxetine,pt
A5001439,allergen,Parrot droppings,pt
A5001440,allergen,Parrot feathers,pt
A5001441,allergen,Parsley,pt
A5001442,allergen,Passion fruit,pt
A5001443,allergen,Pea,pt
A5001444,allergen,Peach,pt
A5001445,allergen,Peanut,pt
A5001446,allergen,Pear,pt
A5001447,allergen,Pecan,pt
A5001448,allergen,Pecan tree pollen,pt
A5001449,allergen,Pemoline,pt
A5001450,allergen,Penbutolol,pt
A5001451,allergen,Penicillamine,pt
A5001452,allergen,Penicillin,pt
A5001453,allergen,Penicillin G,pt
A5001454,allergen,Penicillin G benzathine,pt
A5001455,allergen,Penicillinase sensitive penicillins,pt
A5001456,allergen,Penicillinase-resistant penicillin,pt
A5001457,allergen,Penicillium brevicompactum,pt
A5001458,allergen,Penicillium notatum,pt
A5001459,allergen,Pentaerythritol tetranitrate,pt
A5001460,allergen,Pentamidine,pt
A5001461,allergen,Pentastarch,pt
A5001462,allergen,Pentazocine,pt
A5001463,allergen,Pentostatin,pt
A5001464,allergen,Pentoxifylline,pt
A5001465,allergen,Pepper oil,pt
A5001466,allergen,Pepper tree pollen,pt
A5001467,allergen,Peppermint oil,pt
A5001468,allergen,Perch,pt
A5001469,allergen,Perchloroethylene,pt
A5001470,allergen,Perennial rye grass pollen,pt
A5001471,allergen,Perfluorochemical,pt
A5001472,allergen,Perfume,pt
A5001473,allergen,Pergolide,pt
A5001474,allergen,Pericyazine,pt
A5001475,allergen,Perindopril,pt
A5001476,allergen,Peripheral/cerebral vasodilator,pt
A5001477,allergen,Peritoneal dialysis solution,pt
A5001478,allergen,Permethrin,pt
A5001479,allergen,Perphenazine,pt
A5001480,allergen,Persimmon,pt
A5001481,allergen,Pertussis vaccine,pt
A5001482,allergen,Pesticide,pt
A5001483,allergen,Pethidine analog,pt
A5001484,allergen,Phenazocine,pt
A5001485,allergen,Phenelzine,pt
A5001486,allergen,Phenethicillin,pt
A5001487,allergen,Phenindamine,pt
A5001488,allergen,Phenindione,pt
A5001489,allergen,Pheniramine,pt
A5001490,allergen,Phenobarbital,pt
A5001491,allergen,Phenol,pt
A5001492,allergen,Phenolics,pt
A5001493,allergen,Phenoperidine,pt
A5001494,allergen,Phenothiazine,pt
A5001495,allergen,Phenothiazine derivative antipsychotic agent,pt
A5001496,allergen,Phenothrin,pt
A5001497,allergen,Phenoxybenzamine,pt
A5001498,allergen,Phenoxymethylpenicillin,pt
A5001499,allergen,Phentermine,pt
A5001500,allergen,Phentolamine,pt
A5001501,allergen,Phenylbutazone,pt
A5001502,allergen,Phenylephrine,pt
A5001503,allergen,Phenylpropanolamine hydrochloride,pt
A5001504,allergen,Phenytoin,pt
A5001505,allergen,Pholcodine,pt
A5001506,allergen,Phoma betae,pt
A5001507,allergen,Phosphodiesterase 5 inhibitor,pt
A5001508,allergen,Photoallergens,pt
A5001509,allergen,Phthalylsulfathiazole,pt
A5001510,allergen,Physostigmine,pt
A5001511,allergen,Pickle,pt
A5001512,allergen,Pigeon droppings,pt
A5001513,allergen,Pigeon feathers,pt
A5001514,allergen,Pilocarpine,pt
A5001515,allergen,Pimozide,pt
A5001516,allergen,Pindolol,pt
A5001517,allergen,Pine needle oil,pt
A5001518,allergen,Pine Nut,pt
A5001519,allergen,Pineapple,pt
A5001520,allergen,Pipenzolate,pt
A5001521,allergen,Piperacillin,pt
A5001522,allergen,Piperazine agent,pt
A5001523,allergen,Piperidolate,pt
A5001524,allergen,Pipotiazine,pt
A5001525,allergen,Piracetam,pt
A5001526,allergen,Pirbuterol,pt
A5001527,allergen,Pirenzepine,pt
A5001528,allergen,Piretanide,pt
A5001529,allergen,Piroxicam,pt
A5001530,allergen,Pistachio Nut,pt
A5001531,allergen,Pivampicillin,pt
A5001532,allergen,Plaice,pt
A5001533,allergen,Plant extract,pt
A5001534,allergen,Plant fiber,pt
A5001535,allergen,Plant oil,pt
A5001536,allergen,Plant secretions,pt
A5001537,allergen,Plasma protein,pt
A5001538,allergen,Plasma substitutes,pt
A5001539,allergen,Plastic,pt
A5001540,allergen,Plicamycin,pt
A5001541,allergen,Plum,pt
A5001542,allergen,Pneumococcal vaccine,pt
A5001543,allergen,Podophyllotoxin,pt
A5001544,allergen,Podophyllum resin,pt
A5001545,allergen,Poldine,pt
A5001546,allergen,Poliovirus vaccine,pt
A5001547,allergen,Pollen,pt
A5001548,allergen,Pollen extract,pt
A5001549,allergen,Polyestradiol phosphate,pt
A5001550,allergen,Polyethylene glycol,pt
A5001551,allergen,Polymyxin B,pt
A5001552,allergen,Polymyxins,pt
A5001553,allergen,Polynoxylin,pt
A5001554,allergen,Polysaccharide-iron complex,pt
A5001555,allergen,Polythiazide,pt
A5001556,allergen,Polyvinyl alcohol,pt
A5001557,allergen,Ponderosa pine pollen,pt
A5001558,allergen,Poplar tree pollen,pt
A5001559,allergen,Poppy seed,pt
A5001560,allergen,Poractant alfa,pt
A5001561,allergen,Porcine calcitonin,pt
A5001562,allergen,Pork,pt
A5001563,allergen,Potassium,pt
A5001564,allergen,Potassium canrenoate,pt
A5001565,allergen,Potassium permanganate,pt
A5001566,allergen,Potassium-sparing diuretic,pt
A5001567,allergen,Potato,pt
A5001568,allergen,Povidone iodine,pt
A5001569,allergen,Practolol,pt
A5001570,allergen,Pralidoxime,pt
A5001571,allergen,Pravastatin,pt
A5001572,allergen,Prazepam,pt
A5001573,allergen,Prazosin,pt
A5001574,allergen,Prednisolone,pt
A5001575,allergen,Prednisone,pt
A5001576,allergen,Prenylamine,pt
A5001577,allergen,Prilocaine,pt
A5001578,allergen,Primaquine,pt
A5001579,allergen,Primidone,pt
A5001580,allergen,Primrose pollen,pt
A5001581,allergen,Privet tree pollen,pt
A5001582,allergen,Probenecid,pt
A5001583,allergen,Probucol,pt
A5001584,allergen,Procainamide,pt
A5001585,allergen,Procaine,pt
A5001586,allergen,Procaine benzylpenicillin,pt
A5001587,allergen,Procarbazine,pt
A5001588,allergen,Prochlorperazine,pt
A5001589,allergen,Procyclidine,pt
A5001590,allergen,Progesterone,pt
A5001591,allergen,Progestogen,pt
A5001592,allergen,Prolintane,pt
A5001593,allergen,Promazine,pt
A5001594,allergen,Promestriene,pt
A5001595,allergen,Promethazine,pt
A5001596,allergen,Propafenone,pt
A5001597,allergen,Propamidine isethionate,pt
A5001598,allergen,Propantheline,pt
A5001599,allergen,Propofol,pt
A5001600,allergen,Propranolol,pt
A5001601,allergen,Propylthiouracil,pt
A5001602,allergen,Prostaglandin,pt
A5001603,allergen,Prostaglandin PGE1,pt
A5001604,allergen,Protamine,pt
A5001605,allergen,Protamine zinc insulin,pt
A5001606,allergen,Protirelin,pt
A5001607,allergen,Proton pump inhibitor,pt
A5001608,allergen,Protriptyline,pt
A5001609,allergen,Provolone cheese,pt
A5001610,allergen,Proxymetacaine,pt
A5001611,allergen,Prune,pt
A5001612,allergen,Pseudoephedrine,pt
A5001613,allergen,Pulse vegetables,pt
A5001614,allergen,Pumactant,pt
A5001615,allergen,Pumpkin seed,pt
A5001616,allergen,Pumpkin Squash,pt
A5001617,allergen,Pyrantel,pt
A5001618,allergen,Pyrazinamide,pt
A5001619,allergen,Pyrethroid insecticide,pt
A5001620,allergen,Pyridostigmine,pt
A5001621,allergen,Pyrilamine,pt
A5001622,allergen,Pyrimethamine,pt
A5001623,allergen,Quaternary ammonium surfactant,pt
A5001624,allergen,Quaternary pyridinium surfactant,pt
A5001625,allergen,Quaternary quinolinium surfactant,pt
A5001626,allergen,Queen palm pollen,pt
A5001627,allergen,Quinacrine,pt
A5001628,allergen,Quinagolide,pt
A5001629,allergen,Quinapril,pt
A5001630,allergen,Quinestradol,pt
A5001631,allergen,Quinestrol,pt
A5001632,allergen,Quinidine,pt
A5001633,allergen,Quinine,pt
A5001634,allergen,Quinolone,pt
A5001635,allergen,Rabbit,pt
A5001636,allergen,Rabbit dander,pt
A5001637,allergen,Rabbit epithelium,pt
A5001638,allergen,Rabbit hair,pt
A5001639,allergen,Rabies vaccine,pt
A5001640,allergen,Radiopharmaceutical agent,pt
A5001641,allergen,Ragweed pollen,pt
A5001642,allergen,Raisin,pt
A5001643,allergen,Raloxifene,pt
A5001644,allergen,Ramipril,pt
A5001645,allergen,Ranitidine,pt
A5001646,allergen,Rapacuronium bromide,pt
A5001647,allergen,Raspberry,pt
A5001648,allergen,Rat epithelium,pt
A5001649,allergen,Rat serum proteins,pt
A5001650,allergen,Rat urine,pt
A5001651,allergen,Rats,pt
A5001652,allergen,Rauwolfia alkaloid,pt
A5001653,allergen,Razoxane,pt
A5001654,allergen,Red food dye,pt
A5001655,allergen,Red meat,pt
A5001656,allergen,Red oak pollen,pt
A5001657,allergen,Red Pepper,pt
A5001658,allergen,Red skin potato,pt
A5001659,allergen,Remifentanil,pt
A5001660,allergen,Remoxipride,pt
A5001661,allergen,Reproterol,pt
A5001662,allergen,Retinoid,pt
A5001663,allergen,Retroviral protease inhibitor,pt
A5001664,allergen,Reverse transcriptase inhibitor,pt
A5001665,allergen,Rhizopus nigricans,pt
A5001666,allergen,Ribavirin,pt
A5001667,allergen,Rice starch,pt
A5001668,allergen,Rifabutin,pt
A5001669,allergen,Rifampicin,pt
A5001670,allergen,Rimiterol,pt
A5001671,allergen,Risperidone,pt
A5001672,allergen,Ritodrine,pt
A5001673,allergen,Rocuronium,pt
A5001674,allergen,Rodents,pt
A5001675,allergen,Rose flower pollen,pt
A5001676,allergen,Rosoxacin,pt
A5001677,allergen,Rotavirus vaccine,pt
A5001678,allergen,Rough marsh elder pollen,pt
A5001679,allergen,Rough pigweed pollen,pt
A5001680,allergen,Rubber,pt
A5001681,allergen,Rubberized cloth,pt
A5001682,allergen,Rubella vaccine,pt
A5001683,allergen,Russian olive pollen,pt
A5001684,allergen,Russian thistle pollen,pt
A5001685,allergen,Rye,pt
A5001686,allergen,Rye cultivated pollen,pt
A5001687,allergen,Saccharin,pt
A5001688,allergen,Salicylate,pt
A5001689,allergen,Salmeterol,pt
A5001690,allergen,Salmon,pt
A5001691,allergen,Salmon calcitonin,pt
A5001692,allergen,Salt cedar pollen,pt
A5001693,allergen,Salt grass pollen,pt
A5001694,allergen,Sardine,pt
A5001695,allergen,Scale fish,pt
A5001696,allergen,Scallop,pt
A5001697,allergen,Scopolamine,pt
A5001698,allergen,Scopolamine hydrobromide,pt
A5001699,allergen,Scorpion venom,pt
A5001700,allergen,Seafood,pt
A5001701,allergen,Secobarbital,pt
A5001702,allergen,Second generation cephalosporin,pt
A5001703,allergen,Sedating antihistamine,pt
A5001704,allergen,Sedative,pt
A5001705,allergen,Seed,pt
A5001706,allergen,Selective beta-1 adrenoceptor stimulants,pt
A5001707,allergen,Selective beta-2 adrenoceptor stimulants,pt
A5001708,allergen,Selective estrogen receptor modulator,pt
A5001709,allergen,Selective serotonin re-uptake inhibitor,pt
A5001710,allergen,Selegiline,pt
A5001711,allergen,Senna,pt
A5001712,allergen,Serpula lacrymans,pt
A5001713,allergen,Sertraline,pt
A5001714,allergen,Serum,pt
A5001715,allergen,Sesame seed,pt
A5001716,allergen,Sevoflurane,pt
A5001717,allergen,Sheep epithelium,pt
A5001718,allergen,Sheep sorrel pollen,pt
A5001719,allergen,Sheep wool,pt
A5001720,allergen,Shellfish,pt
A5001721,allergen,Shrimp,pt
A5001722,allergen,Shrimp product,pt
A5001723,allergen,Silicone,pt
A5001724,allergen,Silk,pt
A5001725,allergen,Silver catgut,pt
A5001726,allergen,Silver nitrate,pt
A5001727,allergen,Silver sulfadiazine,pt
A5001728,allergen,Similac,pt
A5001729,allergen,Simvastatin,pt
A5001730,allergen,Skeletal muscle relaxant,pt
A5001731,allergen,Smallpox vaccine,pt
A5001732,allergen,Smooth muscle relaxant,pt
A5001733,allergen,Snail,pt
A5001734,allergen,Soap,pt
A5001735,allergen,Sodium fluoride,pt
A5001736,allergen,Sodium fusidate,pt
A5001737,allergen,Sodium iron edetate,pt
A5001738,allergen,Sodium nitrite,pt
A5001739,allergen,Sodium nitroprusside,pt
A5001740,allergen,Sodium perborate,pt
A5001741,allergen,Sodium picosulfate,pt
A5001742,allergen,Sodium polystyrene sulfonate,pt
A5001743,allergen,Sodium stibogluconate,pt
A5001744,allergen,Sodium tetradecyl sulfate,pt
A5001745,allergen,Sodium thiosulfate,pt
A5001746,allergen,Solenopsis wagneri,pt
A5001747,allergen,Somatropin,pt
A5001748,allergen,Sotalol,pt
A5001749,allergen,Soy,pt
A5001750,allergen,Soy sauce,pt
A5001751,allergen,Soya bean,pt
A5001752,allergen,Soybean,pt
A5001753,allergen,Spectinomycin,pt
A5001754,allergen,Spice,pt
A5001755,allergen,Spider venom,pt
A5001756,allergen,Spiders,pt
A5001757,allergen,Spinach,pt
A5001758,allergen,Spiny lobster,pt
A5001759,allergen,Spiny pigweed pollen,pt
A5001760,allergen,Spironolactone,pt
A5001761,allergen,Sporobolomyces roseus,pt
A5001762,allergen,Squash,pt
A5001763,allergen,Squid,pt
A5001764,allergen,Stanozolol,pt
A5001765,allergen,Stemphylium botryosum,pt
A5001766,allergen,Stinging midge,pt
A5001767,allergen,Storage mites,pt
A5001768,allergen,Storage mites acarus,pt
A5001769,allergen,Storage mites lepidoglypus,pt
A5001770,allergen,Storage mites tyrophabus,pt
A5001771,allergen,Strawberry,pt
A5001772,allergen,Streptodornase preparation,pt
A5001773,allergen,Streptokinase,pt
A5001774,allergen,Streptokinase agent,pt
A5001775,allergen,Streptomycin,pt
A5001776,allergen,Streptomycin sulfate,pt
A5001777,allergen,Substance,pt
A5001778,allergen,Substituted amphetamine,pt
A5001779,allergen,Succinylcholine,pt
A5001780,allergen,Sucralfate,pt
A5001781,allergen,Sufentanil,pt
A5001782,allergen,Sugar,pt
A5001783,allergen,Sulconazole,pt
A5001784,allergen,Sulfacetamide,pt
A5001785,allergen,Sulfadiazine,pt
A5001786,allergen,Sulfadimethoxine,pt
A5001787,allergen,Sulfaguanidine,pt
A5001788,allergen,Sulfamethazine,pt
A5001789,allergen,Sulfamethoxazole,pt
A5001790,allergen,Sulfametopyrazine,pt
A5001791,allergen,Sulfasalazine,pt
A5001792,allergen,Sulfaurea,pt
A5001793,allergen,Sulfinpyrazone,pt
A5001794,allergen,Sulfiram,pt
A5001795,allergen,Sulfisoxazole,pt
A5001796,allergen,Sulfite and/or sulfite derivative,pt
A5001797,allergen,Sulfites,pt
A5001798,allergen,Sulfonamide,pt
A5001799,allergen,Sulfonamide diuretic,pt
A5001800,allergen,Sulfonamide-sulfonamide combination,pt
A5001801,allergen,Sulfonylurea,pt
A5001802,allergen,Sulfur,pt
A5001803,allergen,Sulindac,pt
A5001804,allergen,Sulpiride,pt
A5001805,allergen,Sunflower Seed,pt
A5001806,allergen,Sweet Chestnut,pt
A5001807,allergen,Sweet gum pollen,pt
A5001808,allergen,Sweet potato,pt
A5001809,allergen,Sweet vernal grass pollen,pt
A5001810,allergen,Sweeteners,pt
A5001811,allergen,Swine epithelium,pt
A5001812,allergen,Swiss cheese,pt
A5001813,allergen,Swordfish,pt
A5001814,allergen,Sycamore pollen,pt
A5001815,allergen,Sympathomimetic agent,pt
A5001816,allergen,Talampicillin,pt
A5001817,allergen,Tamoxifen,pt
A5001818,allergen,Tangerine,pt
A5001819,allergen,Tape,pt
A5001820,allergen,Tarragon,pt
A5001821,allergen,Tazobactam,pt
A5001822,allergen,Tea,pt
A5001823,allergen,Teicoplanin,pt
A5001824,allergen,Temafloxacin,pt
A5001825,allergen,Temazepam,pt
A5001826,allergen,Temocillin,pt
A5001827,allergen,Tenoxicam,pt
A5001828,allergen,Terazosin,pt
A5001829,allergen,Terbinafine,pt
A5001830,allergen,Terbutaline,pt
A5001831,allergen,Terfenadine,pt
A5001832,allergen,Teriparatide,pt
A5001833,allergen,Terlipressin,pt
A5001834,allergen,Termites,pt
A5001835,allergen,Terodiline,pt
A5001836,allergen,Terpene,pt
A5001837,allergen,Testosterone,pt
A5001838,allergen,Tetanus immunoglobulin,pt
A5001839,allergen,Tetanus vaccine,pt
A5001840,allergen,Tetrabenazine,pt
A5001841,allergen,Tetracaine,pt
A5001842,allergen,Tetracosactide,pt
A5001843,allergen,Tetracyclic antidepressant,pt
A5001844,allergen,Tetracycline,pt
A5001845,allergen,Tetracycline hydrochloride,pt
A5001846,allergen,Theophylline,pt
A5001847,allergen,Thiabendazole,pt
A5001848,allergen,Thiazide diuretic,pt
A5001849,allergen,Thiazolidinedione,pt
A5001850,allergen,Thiethylperazine,pt
A5001851,allergen,Thioguanine,pt
A5001852,allergen,Thiopentone,pt
A5001853,allergen,Thioridazine,pt
A5001854,allergen,Thiotepa,pt
A5001855,allergen,Thiouracil,pt
A5001856,allergen,Thiourea,pt
A5001857,allergen,Thioxanthene derivative antipsychotic agent,pt
A5001858,allergen,Third generation cephalosporin,pt
A5001859,allergen,Thromboplastin,pt
A5001860,allergen,Thyme,pt
A5001861,allergen,Thymol,pt
A5001862,allergen,Thymoxamine,pt
A5001863,allergen,Thyroid hormone,pt
A5001864,allergen,Thyrotropin releasing factor,pt
A5001865,allergen,Thyroxine,pt
A5001866,allergen,Tiaprofenic acid,pt
A5001867,allergen,Tibolone,pt
A5001868,allergen,Ticarcillin,pt
A5001869,allergen,Timolol,pt
A5001870,allergen,Timothy pollen,pt
A5001871,allergen,Tinidazole,pt
A5001872,allergen,Tinzaparin,pt
A5001873,allergen,Tioconazole,pt
A5001874,allergen,Tobacco,pt
A5001875,allergen,Tobramycin,pt
A5001876,allergen,Tocainide,pt
A5001877,allergen,Tolazamide,pt
A5001878,allergen,Tolbutamide,pt
A5001879,allergen,Tolmetin,pt
A5001880,allergen,Tolnaftate,pt
A5001881,allergen,Tomato,pt
A5001882,allergen,Topical salicylate,pt
A5001883,allergen,Topical selenium,pt
A5001884,allergen,Torsemide,pt
A5001885,allergen,Tragacanth,pt
A5001886,allergen,Tramadol,pt
A5001887,allergen,Trandolapril,pt
A5001888,allergen,Tranexamic acid,pt
A5001889,allergen,Tranylcypromine,pt
A5001890,allergen,Trazodone,pt
A5001891,allergen,Tree of heaven pollen,pt
A5001892,allergen,Tree pollen,pt
A5001893,allergen,Tree resin,pt
A5001894,allergen,Treosulfan,pt
A5001895,allergen,Tretinoin,pt
A5001896,allergen,Triamcinolone,pt
A5001897,allergen,Triamterene,pt
A5001898,allergen,Triarylmethane azo disinfectant dye,pt
A5001899,allergen,Triazene antineoplastic,pt
A5001900,allergen,Triazolam,pt
A5001901,allergen,Triazole antifungal,pt
A5001902,allergen,Trichloroethylene,pt
A5001903,allergen,Trichoderma viridae,pt
A5001904,allergen,Triclofos sodium,pt
A5001905,allergen,Triclosan,pt
A5001906,allergen,Tricyclic antidepressant,pt
A5001907,allergen,Trientine,pt
A5001908,allergen,Trifluoperazine,pt
A5001909,allergen,Trifluperidol,pt
A5001910,allergen,Trifluridine,pt
A5001911,allergen,Trihexyphenidyl,pt
A5001912,allergen,Trilostane,pt
A5001913,allergen,Trimeprazine,pt
A5001914,allergen,Trimethaphan,pt
A5001915,allergen,Trimethoprim,pt
A5001916,allergen,Trimipramine,pt
A5001917,allergen,Tripotassium dicitratobismuthate,pt
A5001918,allergen,Triprolidine,pt
A5001919,allergen,Triptorelin,pt
A5001920,allergen,Tropicamide,pt
A5001921,allergen,Trout,pt
A5001922,allergen,Tryptophan agent,pt
A5001923,allergen,Tuberculin purified protein derivative,pt
A5001924,allergen,Tubocurarine,pt
A5001925,allergen,Tulip pollen,pt
A5001926,allergen,Tulobuterol,pt
A5001927,allergen,Tuna,pt
A5001928,allergen,Turkey meat,pt
A5001929,allergen,Turkey oak pollen,pt
A5001930,allergen,Tyloxapol,pt
A5001931,allergen,Typhoid polysaccharide vaccine,pt
A5001932,allergen,Typhoid vaccine,pt
A5001933,allergen,Typhoid whole cell vaccine,pt
A5001934,allergen,Tyramine,pt
A5001935,allergen,Ulcer healing agent,pt
A5001936,allergen,Undecenoates,pt
A5001937,allergen,Urea cream,pt
A5001938,allergen,Uricosuric agent,pt
A5001939,allergen,Urokinase,pt
A5001940,allergen,Ursodiol,pt
A5001941,allergen,Vaccine,pt
A5001942,allergen,Vaccine, immunoglobulin, AND/OR antiserum,pt
A5001943,allergen,Valaciclovir,pt
A5001944,allergen,Valproate sodium,pt
A5001945,allergen,Vancomycin,pt
A5001946,allergen,Vanilla,pt
A5001947,allergen,Varicella-zoster virus antibody,pt
A5001948,allergen,Vasoconstrictor,pt
A5001949,allergen,Vasodilator,pt
A5001950,allergen,Vecuronium,pt
A5001951,allergen,Vegetable,pt
A5001952,allergen,Velvet grass pollen,pt
A5001953,allergen,Venlafaxine,pt
A5001954,allergen,Venom,pt
A5001955,allergen,Verapamil,pt
A5001956,allergen,Vidarabine,pt
A5001957,allergen,Vigabatrin,pt
A5001958,allergen,Viloxazine,pt
A5001959,allergen,Vinblastine,pt
A5001960,allergen,Vinca alkaloid,pt
A5001961,allergen,Vincristine,pt
A5001962,allergen,Vindesine,pt
A5001963,allergen,Viscosity modifier,pt
A5001964,allergen,Vitamin,pt
A5001965,allergen,Vitamin A,pt
A5001966,allergen,Vitamin B,pt
A5001967,allergen,Vitamin B>12a<,pt
A5001968,allergen,Vitamin B1,pt
A5001969,allergen,Vitamin B12,pt
A5001970,allergen,Vitamin B6,pt
A5001971,allergen,Vitamin D,pt
A5001972,allergen,Vitamin K,pt
A5001973,allergen,von Willebrand factor,pt
A5001974,allergen,Wall pellitory pollen,pt
A5001975,allergen,Walnut,pt
A5001976,allergen,Walnut tree pollen,pt
A5001977,allergen,Warfarin,pt
A5001978,allergen,Wasp venom,pt
A5001979,allergen,Wasps,pt
A5001980,allergen,Water oak pollen,pt
A5001981,allergen,Watermelon,pt
A5001982,allergen,Water-soluble vitamin,pt
A5001983,allergen,Weed pollen,pt
A5001984,allergen,Western ragweed pollen,pt
A5001985,allergen,Wheat,pt
A5001986,allergen,Wheat pollen cultivated,pt
A5001987,allergen,Wheat starch,pt
A5001988,allergen,Whey,pt
A5001989,allergen,White ash pollen,pt
A5001990,allergen,White Bean,pt
A5001991,allergen,White faced hornet,pt
A5001992,allergen,White mulberry pollen,pt
A5001993,allergen,White oak pollen,pt
A5001994,allergen,White paraffin,pt
A5001995,allergen,White pine pollen,pt
A5001996,allergen,White zucchini squash,pt
A5001997,allergen,Wild rye pollen,pt
A5001998,allergen,Wild silk,pt
A5001999,allergen,Willow oak pollen,pt
A5002000,allergen,Willow pollen,pt
A5002001,allergen,Wine,pt
A5002002,allergen,Wood,pt
A5002003,allergen,Wool,pt
A5002004,allergen,Wool alcohols,pt
A5002005,allergen,Wormwood pollen,pt
A5002006,allergen,Xamoterol,pt
A5002007,allergen,Xanthine agent,pt
A5002008,allergen,Xanthine oxidase inhibitor,pt
A5002009,allergen,Xipamide,pt
A5002010,allergen,X-ray contrast media,pt
A5002011,allergen,Xylometazoline,pt
A5002012,allergen,Yam,pt
A5002013,allergen,Yeast,pt
A5002014,allergen,Yellow Food Dye,pt
A5002015,allergen,Yellow hornet,pt
A5002016,allergen,Yellow paraffin,pt
A5002017,allergen,Yellow summer squash,pt
A5002018,allergen,Yogurt,pt
A5002019,allergen,Zalcitabine,pt
A5002020,allergen,Zidovudine,pt
A5002021,allergen,Zinc compound,pt
A5002022,allergen,Zinc insulin,pt
A5002023,allergen,Zolpidem,pt
A5002024,allergen,Zopiclone,pt
A5002025,allergen,Zuclopenthixol,pt
A5002026,allergen,Zuclopenthixol decanoate,pt
A5002027,severity,Moderate,pt
A5002028,severity,Severe,pt
A5002029,severity,Mild,pt
A5002030,severity,Mild to moderate,pt
A5002031,severity,Moderate to severe,pt
A5002032,severity,Very severe,pt
A5002033,severity,Moderate,pt
A5002034,severity,Severe,pt
A5002035,reaction,AV junctional (nodal) rhythm,pt
A5002036,reaction,Abdominal pain,pt
A5002037,reaction,Acute labyrinthitis,pt
A5002038,reaction,Acute renal insufficiency,pt
A5002039,reaction,Agitation,pt
A5002040,reaction,Agranulocytosis,pt
A5002041,reaction,Alopecia,pt
A5002042,reaction,Anaphylaxis,pt
A5002043,reaction,Anemia,pt
A5002044,reaction,Angina,pt
A5002045,reaction,Angioedema,pt
A5002046,reaction,Anhedonia,pt
A5002047,reaction,Anorexia,pt
A5002048,reaction,Anorgasmia,pt
A5002049,reaction,Anuria,pt
A5002050,reaction,Anxiety,pt
A5002051,reaction,Apnea,pt
A5002052,reaction,Aptyalism,pt
A5002053,reaction,Arthralgias,pt
A5002054,reaction,Arthritis,pt
A5002055,reaction,Asthma,pt
A5002056,reaction,Ataxia,pt
A5002057,reaction,Athetosis,pt
A5002058,reaction,Auditory hallucination,pt
A5002059,reaction,Bleeding,pt
A5002060,reaction,Bloody diarhhea,pt
A5002061,reaction,Bloody stools,pt
A5002062,reaction,Blurred vision,pt
A5002063,reaction,Bradycardia,pt
A5002064,reaction,Bradypnea,pt
A5002065,reaction,Breast engorgement,pt
A5002066,reaction,Bronchoconstriction,pt
A5002067,reaction,Bronchospasm,pt
A5002068,reaction,Cardiac arrest,pt
A5002069,reaction,Chest tightness,pt
A5002070,reaction,Chest pain,pt
A5002071,reaction,Cheyne-Stokes respiration,pt
A5002072,reaction,Chills,pt
A5002073,reaction,Chronic cough,pt
A5002074,reaction,Chronic renal failure,pt
A5002075,reaction,Coma,pt
A5002076,reaction,Conduction disorder of the heart,pt
A5002077,reaction,Confusion,pt
A5002078,reaction,Conjunctival congestion,pt
A5002079,reaction,Constipation,pt
A5002080,reaction,Contact dermatitis,pt
A5002081,reaction,Convulsions,pt
A5002082,reaction,Cough,pt
A5002083,reaction,Crackles,pt
A5002084,reaction,Deafness,pt
A5002085,reaction,Decreased neutrophil count,pt
A5002086,reaction,Decreased leukocyte count,pt
A5002087,reaction,Decreased libido,pt
A5002088,reaction,Decreased renal function,pt
A5002089,reaction,Delirium,pt
A5002090,reaction,Delusion,pt
A5002091,reaction,Depressive disorder,pt
A5002092,reaction,Dermatitis,pt
A5002093,reaction,Diaphoresis,pt
A5002094,reaction,Diarrhea,pt
A5002095,reaction,Diffuse paresthesia,pt
A5002096,reaction,Diplopia,pt
A5002097,reaction,Disturbed coordination,pt
A5002098,reaction,Dizziness,pt
A5002099,reaction,Drowsiness,pt
A5002100,reaction,Dry nose,pt
A5002101,reaction,Dry throat,pt
A5002102,reaction,Dyskinesia,pt
A5002103,reaction,Dyspepsia,pt
A5002104,reaction,Dyspnea,pt
A5002105,reaction,Dystonia,pt
A5002106,reaction,Dysuria,pt
A5002107,reaction,ECG changes,pt
A5002108,reaction,Ecchymosis,pt
A5002109,reaction,Eczema,pt
A5002110,reaction,Edema,pt
A5002111,reaction,Eosinophilia,pt
A5002112,reaction,Epigastric distress,pt
A5002113,reaction,Epistaxis,pt
A5002114,reaction,Erythema,pt
A5002115,reaction,Euphoria,pt
A5002116,reaction,Excitation,pt
A5002117,reaction,Expiratory wheeze,pt
A5002118,reaction,Expired,pt
A5002119,reaction,Eye swelling,pt
A5002120,reaction,Face flushed,pt
A5002121,reaction,Facial dyskinesia,pt
A5002122,reaction,Fatigue,pt
A5002123,reaction,Febrile seizure,pt
A5002124,reaction,Feeling of Warmth,pt
A5002125,reaction,Fever,pt
A5002126,reaction,Flushing,pt
A5002127,reaction,Galactorrhea,pt
A5002128,reaction,Gastric ulcer,pt
A5002129,reaction,Gastrointestinal reaction,pt
A5002130,reaction,Gastrointestinal ulcer,pt
A5002131,reaction,Generalized rash,pt
A5002132,reaction,Generalized weakness,pt
A5002133,reaction,Gingival hyperplasia,pt
A5002134,reaction,Glaucoma,pt
A5002135,reaction,Grand mal epilepsy,pt
A5002136,reaction,Grand mal seizure,pt
A5002137,reaction,Grand mal status epilepticus,pt
A5002138,reaction,Gynecomastia,pt
A5002139,reaction,Headache,pt
A5002140,reaction,Hearing loss,pt
A5002141,reaction,Heart block,pt
A5002142,reaction,Hematuria,pt
A5002143,reaction,Hepatitis,pt
A5002144,reaction,Hospitalization,pt
A5002145,reaction,Hyperkalemia,pt
A5002146,reaction,Hyperphagia,pt
A5002147,reaction,Hypertension,pt
A5002148,reaction,Hypokalemia,pt
A5002149,reaction,Hypoprothrombinemia,pt
A5002150,reaction,Hypotension,pt
A5002151,reaction,Hypoxia,pt
A5002152,reaction,Inappropriate penile erection,pt
A5002153,reaction,Increased dreaming,pt
A5002154,reaction,Increased hemoglobin,pt
A5002155,reaction,Increased lactate dehydrogenase,pt
A5002156,reaction,Increased libido,pt
A5002157,reaction,Insomnia,pt
A5002158,reaction,Inspiratory wheeze,pt
A5002159,reaction,Irritable,pt
A5002160,reaction,Ischemia,pt
A5002161,reaction,Itching of skin,pt
A5002162,reaction,Itching eyes,pt
A5002163,reaction,Watering eyes,pt
A5002164,reaction,Jaundice,pt
A5002165,reaction,Laryngeal edema,pt
A5002166,reaction,Lethargy,pt
A5002167,reaction,Leukocytosis,pt
A5002168,reaction,Leukopenia,pt
A5002169,reaction,Life-threatening illness,pt
A5002170,reaction,Localized edema,pt
A5002171,reaction,Malaise,pt
A5002172,reaction,Male erectile disorder,pt
A5002173,reaction,Medication not effective,pt
A5002174,reaction,Miosis,pt
A5002175,reaction,Myalgia,pt
A5002176,reaction,Myocardial infarction,pt
A5002177,reaction,Nasal congestion,pt
A5002178,reaction,Nausea,pt
A5002179,reaction,Vomiting,pt
A5002180,reaction,Nephropathy,pt
A5002181,reaction,Nervousness,pt
A5002182,reaction,Neurological symptoms,pt
A5002183,reaction,Neuropathy,pt
A5002184,reaction,Neutropenia,pt
A5002185,reaction,Nightmares,pt
A5002186,reaction,Nocturnal cough,pt
A5002187,reaction,Numbness,pt
A5002188,reaction,Oliguria,pt
A5002189,reaction,Optic atrophy,pt
A5002190,reaction,Oral edema,pt
A5002191,reaction,Oral allergy syndrome,pt
A5002192,reaction,Oronasopharyngeal irritation,pt
A5002193,reaction,Orthostatic hypotension,pt
A5002194,reaction,Pain,pt
A5002195,reaction,Palpitation,pt
A5002196,reaction,Pancreatitis,pt
A5002197,reaction,Pancytopenia,pt
A5002198,reaction,Papular Rash,pt
A5002199,reaction,Paresthesia,pt
A5002200,reaction,Parkinsonian-Like syndrome,pt
A5002201,reaction,Paroxysmal nocturnal dyspnea,pt
A5002202,reaction,Permanently disabled,pt
A5002203,reaction,Phlebitis,pt
A5002204,reaction,Photoallergic dermatitis,pt
A5002205,reaction,Photosensitivity,pt
A5002206,reaction,Pneumothorax,pt
A5002207,reaction,Postictal depression,pt
A5002208,reaction,Premature cardiac complexes,pt
A5002209,reaction,Priapism,pt
A5002210,reaction,Productive cough,pt
A5002211,reaction,Prolonged hospitalization,pt
A5002212,reaction,Psychosis,pt
A5002213,reaction,Ptosis of eyelid,pt
A5002214,reaction,Pulmonary embolus,pt
A5002215,reaction,Pulmonary eosinophilia,pt
A5002216,reaction,Purpura,pt
A5002217,reaction,Rash,pt
A5002218,reaction,Renal insufficiency,pt
A5002219,reaction,Respiratory arrest,pt
A5002220,reaction,Respiratory distress,pt
A5002221,reaction,Respiratory failure,pt
A5002222,reaction,Retrograde ejaculation,pt
A5002223,reaction,Rhinitis,pt
A5002224,reaction,Rhinorrhea,pt
A5002225,reaction,Rhonchi,pt
A5002226,reaction,Rigors,pt
A5002227,reaction,Shaking chills,pt
A5002228,reaction,Sensory hallucination,pt
A5002229,reaction,Serum Sickness,pt
A5002230,reaction,Severe rash,pt
A5002231,reaction,Sexual dysfunction,pt
A5002232,reaction,Shivering,pt
A5002233,reaction,Sinus bradycardia,pt
A5002234,reaction,Sinusitis,pt
A5002235,reaction,Sneezing,pt
A5002236,reaction,Somatic Hallucination,pt
A5002237,reaction,Speech disturbances,pt
A5002238,reaction,Stevens-Johnson syndrome,pt
A5002239,reaction,Stomatitis,pt
A5002240,reaction,Swelling,pt
A5002241,reaction,Swollen lips,pt
A5002242,reaction,Syncope,pt
A5002243,reaction,Tachycardia,pt
A5002244,reaction,Tachypnea,pt
A5002245,reaction,Tactile Hallucination,pt
A5002246,reaction,Tearing,pt
A5002247,reaction,Throat swelling,pt
A5002248,reaction,Thrombocytopenia,pt
A5002249,reaction,Tingling,pt
A5002250,reaction,Tinnitus,pt
A5002251,reaction,Toxic epidermal necrolysis,pt
A5002252,reaction,Transient ST changes,pt
A5002253,reaction,Tremors,pt
A5002254,reaction,Unconsciousness,pt
A5002255,reaction,Unknown,pt
A5002256,reaction,Urinary frequency,pt
A5002257,reaction,Urinary hesitancy,pt
A5002258,reaction,Urinary incontinence,pt
A5002259,reaction,Urinary retention,pt
A5002260,reaction,Urticaria,pt
A5002261,reaction,Uveitis,pt
A5002262,reaction,Vasculitis,pt
A5002263,reaction,Vertigo,pt
A5002264,reaction,Visual disturbance,pt
A5002265,reaction,Vomiting,pt
A5002266,reaction,Weeping Skin,pt
A5002267,reaction,Weight gain,pt
A5002268,reaction,Wheezing,pt
